2026년 9월말 미수금 현황 (단위: 천원),,,,,,,,,,
,,,,,,,,,,
담당,바이어,국가,결제조건,인보이스 번호,선적일,만기일,금액,,,메모
,,,,,,,원화(천원),외화,통화,
영업2팀 A,Calova Automation Inc.,United States,사후송금 60일,INV-2609-0114,2026-09-21,2026-11-20,"10,380","7,550",USD,
영업2팀 A,Camolin Instrumentación S.A. de C.V.,Mexico,O/A 60일,INV-2605-0106,2026-05-19,7월 18일,"47,925","31,770",USD,
영업2팀 A,Camolin Instrumentación S.A. de C.V.,Mexico,사후송금 60일,INV-2605-0135,2026-05-25,2026-07-24,"9,741","6,420",US$,
영업2팀 A,Camolin Instrumentación S.A. de C.V.,Mexico,O/A 60,INV-2607-0093,2026-07-17,2026-09-15,"40,855","27,430",USD,
영업2팀 A,Camolin Instrumentación S.A. de C.V.,Mexico,OA60days,INV-2609-0037,2026-09-06,2026-11-05,"46,131","34,260",USD,
영업2팀 A,Corari Industrie B.V.,Netherlands,OA 30 DAYS,INV-2609-0014,26.9.3,2026-10-03,"3,501","2,220",EUR,
영업2팀 A,Davix Industrietechnik AG,Germany,사후송금 60일,INV-2608-0098,2026-08-21,2026-10-20,"29,857","18,450",EUR,
영업2팀 A,Davix Industrietechnik AG,Germany,O/A 60일,INV-2609-0006,2026-09-02,2026-11-01,"11,467","7,280",EUR,"독촉 메일 9/20 발송, 회신 대기"
영업2팀 A,Davix Industrietechnik AG,Germany,OA60days,INV-2609-0105,2026-09-20,2026-11-19,"72,907","45,820",EUR,
영업2팀 A,Dorova Trading Corp.,United States,사후송금 90일,INV-2608-0097,2026-08-20,2026-11-18,"17,570","12,610",USD,
영업2팀 A,Dorova Trading Corp.,USA,사후송금 90일,INV-2609-0084,2026-09-15,2026-12-14,"15,539","11,410",USD,
영업2팀 A,Halano Handelsgesellschaft GmbH,Germany,O/A 30,INV-2609-0011,2026-09-02,2026-10-02,"13,373","8,490",EUR,
영업2팀 A,Korolin Instruments LLC,United States,OA60days,INV-2608-0049,2026-08-11,2026-10-10,"4,606","3,260",USD,
영업2팀 A,Korolin Instruments LLC,United States,OA 60 DAYS,INV-2608-0141,2026-08-29,2026-10-28,"54,597","39,580",USD,
영업2팀 A,Korolin Instruments LLC,United States,사후송금 60일,INV-2608-0145,2026-08-30,2026-10-29,"17,836","12,930",USD,
영업2팀 A,Korolin Instruments LLC,United States,사후송금 60일,INV-2609-0071,2026-09-13,2026-11-12,"16,968","12,660",USD,
영업2팀 A,Korolin Instruments LLC,United States,사후송금 60일,INV-2609-0152,2026-09-28,2026-11-27,"2,618","1,930",USD,
영업2팀 A,Quinari Instruments Inc.,United States,OA 90 DAYS,INV-2607-0156,2026-07-26,2026-10-24,"11,204","7,670",USD,
영업2팀 A,Quinari Instruments Inc.,United States,사후송금 90일,INV-2608-0093,2026-08-20,2026-11-18,"38,958","27,960",USD,
영업2팀 A,Quinari Instruments Inc.,United States,OA90days,INV-2608-0127,2026-08-26,2026-11-24,"20,446","14,750",USD,
영업2팀 A,Ralora Kogyo K.K.,Japan,OA 90 DAYS,INV-2607-0104,2026-07-18,26.10.16,"1,962","214,000",JPY,
영업2팀 A,Sarant Ingeniería S.A. de C.V.,Mexico,사후송금 60일,INV-2607-0165,2026-07-27,2026-09-25,"14,954","10,190",USD,
영업2팀 A,Tarolin Przemysł Sp. z o.o.,Poland,OA 60 DAYS,INV-2608-0151,2026-08-31,2026-10-30,"11,731","7,380",EUR,
영업2팀 A,Tovera Messtechnik GmbH,Germany,O/A 60일,INV-2605-0022,26.5.4,2026-07-03,"10,170","5,890",EUR,
영업2팀 A,Varant Handelsgesellschaft AG,Germany,D/A 90일,INV-2609-0039,26.9.6,2026-12-05,"12,265","7,840",EUR,
영업2팀 A,Varant Handelsgesellschaft AG,Germany,D/A 90,INV-2609-0101,26.9.19,2026-12-18,"47,560","29,890",EUR,
영업2팀 A 소계,,,,,,,"537,561",,,
,,,,,,,,,,
영업2팀 B,Briella Manufacturing plc,United Kingdom,사후송금 90일,INV-2607-0079,7월 14일,10월 12일,"7,690","5,160",USD,
영업2팀 B,Briella Manufacturing plc,United Kingdom,OA 90 DAYS,INV-2607-0148,26.7.23,10월 21일,"10,398","7,050",USD,
영업2팀 B,Briella Manufacturing plc,United Kingdom,OA90days,INV-2608-0006,8월 1일,10월 30일,"10,561","7,350",USD,
영업2팀 B,Briella Manufacturing plc,UK,O/A 90일,INV-2608-0016,8월 3일,2026-11-01,"40,712","28,460",USD,
영업2팀 B,Briella Manufacturing plc,United Kingdom,OA90days,INV-2608-0075,8월 16일,11월 14일,"42,146","29,800",USD,
영업2팀 B,Briella Manufacturing plc,United Kingdom,OA 90 DAYS,INV-2609-0028,9월 4일,12월 3일,"6,113","4,540",USD,
영업2팀 B,Halera Instruments Ltd,UK,O/A 60,INV-2609-0142,9월 26일,11월 25일,"2,157","1,590",USD,
영업2팀 B,Korari Handel Sp. z o.o.,Poland,사후송금 90일,INV-2608-0061,8월 14일,11월 12일,"5,995","3,660",EUR,
영업2팀 B,Korari Handel Sp. z o.o.,Poland,사후송금 90일,INV-2608-0095,8월 20일,26.11.18,"25,565","15,710",EUR,
영업2팀 B,Korari Handel Sp. z o.o.,Poland,O/A 90일,INV-2608-0128,8월 26일,11월 24일,"1,502",930,EUR,
영업2팀 B,Korari Handel Sp. z o.o.,Poland,OA 90 DAYS,INV-2609-0121,9월 23일,12월 22일,"5,903","3,790",EUR,
영업2팀 B,Korari Handel Sp. z o.o.,Poland,O/A 90,INV-2609-0140,9월 26일,12월 25일,"16,856","10,900",EUR,
영업2팀 B,Oroasta Handelsgesellschaft AG,Germany,O/A 90일,INV-2607-0137,7월 22일,10월 20일,"60,254","35,750",EUR,
영업2팀 B,Oroasta Handelsgesellschaft AG,Germany,O/A 90,INV-2608-0086,2026-08-18,11월 16일,"9,448","5,780",EUR,
영업2팀 B,Oroasta Handelsgesellschaft AG,Germany,O/A 90,INV-2608-0129,8월 26일,26.11.24,"26,874","16,640",EUR,
영업2팀 B,Oroasta Handelsgesellschaft AG,Germany,O/A 90일,INV-2608-0147,8월 30일,11월 28일,"7,103","4,440",EUR,
영업2팀 B,Oroasta Handelsgesellschaft AG,Germany,사후송금 90일,INV-2609-0046,9월 8일,12월 7일,"4,257","2,730",EUR,
영업2팀 B,Oroasta Handelsgesellschaft AG,Germany,사후송금 90일,INV-2609-0055,9월 10일,12월 9일,"8,747","5,590",EUR,8/28 약속했으나 미입금
영업2팀 B,Oroasta Handelsgesellschaft AG,Germany,OA90days,INV-2609-0063,26.9.12,12월 11일,"19,068","12,260",EUR,
영업2팀 B,Oroasta Handelsgesellschaft AG,Germany,OA90days,INV-2609-0092,9월 17일,12월 16일,"105,204","66,390",EUR,"분할 입금 합의 — 10/10, 11/10"
영업2팀 B,Oroasta Handelsgesellschaft AG,Germany,OA 90 DAYS,INV-2609-0112,9월 21일,12월 20일,"7,647","4,850",EUR,
영업2팀 B,Oroasta Handelsgesellschaft AG,Germany,TT 30/70,INV-2609-0113,2026-09-21,10월 21일,"4,651","2,950",EUR,
영업2팀 B,Oroasta Handelsgesellschaft AG,Germany,O/A 90일,INV-2609-0129,9월 24일,12월 23일,"7,772","4,990",EUR,
영업2팀 B,Oroasta Handelsgesellschaft AG,Germany,O/A 90,INV-2609-0141,9월 26일,12월 25일,"5,567","3,600",EUR,
영업2팀 B,Oroyn Distribution LLC,United States,O/A 90일,INV-2607-0162,7월 26일,10월 24일,"16,843","11,530",USD,
영업2팀 B,Oroyn Distribution LLC,United States,OA 90 DAYS,INV-2608-0087,8월 18일,11월 16일,"6,818","4,830",USD,10월말까지 일부 입금 약속
영업2팀 B,Quineth Handel B.V.,Netherlands,O/A 90일,INV-2608-0092,8월 20일,11월 18일,"4,312","2,650",EUR,
영업2팀 B 소계,,,,,,,"470,163",,,
,,,,,,,,,,
영업2팀 C,Belost Trading Inc.,United States,T/T 30% 선수 70% 선적후,INV-2609-0023,2026-09-04,2026-10-04,"49,807","36,990",USD,
영업2팀 C,Belost Trading Inc.,United States,T/T 30% 선수 70% 선적후,INV-2609-0045,26.9.8,2026-10-08,"2,535","1,890",USD,
영업2팀 C,Briera Messtechnik GmbH,Germany,D/A 60일,INV-2608-0065,2026-08-14,26.10.13,"44,698","27,290",EUR,11월 둘째 주 결제 약속
영업2팀 C,Briera Messtechnik GmbH,Germany,D/A 60,INV-2608-0077,2026-08-16,2026-10-15,"8,926","5,450",EUR,
영업2팀 C,Camano Meettechniek B.V.,Netherlands,OA90days,INV-2608-0001,2026-08-01,2026-10-30,"5,975","3,610",EUR,
영업2팀 C,Camano Meettechniek B.V.,Netherlands,O/A 90,INV-2608-0014,2026-08-03,2026-11-01,"9,252","5,620",EUR,
영업2팀 C,Camano Meettechniek B.V.,Netherlands,OA90days,INV-2608-0032,2026-08-08,2026-11-06,"14,456","8,870",EUR,
영업2팀 C,Camano Meettechniek B.V.,Netherlands,O/A 90,INV-2609-0135,2026-09-26,12월 25일,"8,706","5,630",EUR,
영업2팀 C,Goreth Inżynieria Sp. z o.o.,Poland,OA 60 DAYS,INV-2607-0027,2026-07-05,9월 3일,"22,608","12,840",EUR,
영업2팀 C,Goreth Inżynieria Sp. z o.o.,Poland,O/A 60,INV-2608-0121,2026-08-24,2026-10-23,"7,470","4,630",EUR,
영업2팀 C,Goreth Inżynieria Sp. z o.o.,Poland,OA60days,INV-2609-0036,2026-09-06,2026-11-05,"5,288","3,380",EUR,
영업2팀 C,Goreth Inżynieria Sp. z o.o.,Poland,O/A 60일,INV-2609-0060,2026-09-11,2026-11-10,"14,169","9,110",EUR,
영업2팀 C,Goreth Inżynieria Sp. z o.o.,Poland,OA60days,INV-2609-0124,9월 23일,2026-11-22,"31,447","20,190",EUR,
영업2팀 C,Kalaro Industrial S.A. de C.V.,Mexico,사후송금 60일,INV-2606-0120,6월 26일,2026-08-25,"22,894","14,930",USD,
영업2팀 C,Kalaro Industrial S.A. de C.V.,Mexico,OA60days,INV-2607-0015,2026-07-04,2026-09-02,"24,117","15,680",USD,
영업2팀 C,Kalaro Industrial S.A. de C.V.,Mexico,OA60days,INV-2608-0053,2026-08-12,2026-10-11,"25,437","17,960",USD,
영업2팀 C,Kalaro Industrial S.A. de C.V.,Mexico,OA60days,INV-2608-0114,2026-08-23,2026-10-22,"9,487","6,850",USD,
영업2팀 C,Kalaro Industrial S.A. de C.V.,Mexico,사후송금 60일,INV-2609-0086,26.9.16,26.11.15,"4,404","3,220",USD,
영업2팀 C,Kalaro Industrial S.A. de C.V.,Mexico,O/A 60일,INV-2609-0128,2026-09-24,2026-11-23,"19,912","14,540",USD,
영업2팀 C,Kalaro Industrial S.A. de C.V.,Mexico,O/A 60,INV-2609-0138,2026-09-26,2026-11-25,"11,327","8,350",USD,
영업2팀 C,Marova Trading Inc.,United States,OA 90 DAYS,INV-2608-0024,2026-08-06,2026-11-04,"11,289","7,930",USD,
영업2팀 C,Marova Trading Inc.,United States,O/A 90일,INV-2609-0047,2026-09-08,2026-12-07,"22,224","16,570",USD,
영업2팀 C,Marova Trading Inc.,United States,O/A 90일,INV-2609-0073,2026-09-13,2026-12-12,"1,273",950,USD,
영업2팀 C,Praix Industrial Ltda.,Brazil,OA 30 DAYS,INV-2608-0054,26.8.12,2026-09-11,"68,365","48,270",USD,
영업2팀 C,Uleon Anlagenbau GmbH,Germany,OA 60 DAYS,INV-2607-0001,2026-07-01,2026-08-30,"12,092","6,850",EUR,
영업2팀 C,Uleon Anlagenbau GmbH,Germany,사후송금 60일,INV-2608-0117,2026-08-24,2026-10-23,"1,984,531","1,230",EUR,선적 지연으로 결제 연기 요청
영업2팀 C 소계,,,,,,,"2,442,689",,,
,,,,,,,,,,
영업2팀 D,Briion Projects Corp.,United States,L/C 90 days usance,INV-2608-0143,26.8.30,26.11.28,"41,258","29,910",USD,
영업2팀 D,Corost Comercializadora S.A. de C.V.,Mexico,O/A 90,INV-2605-0073,26.5.15,26.8.13,"33,201","22,140",USD,"9/25 통화, 10월 초 송금 약속"
영업2팀 D,Corost Comercializadora S.A. de C.V.,Mexico,OA 90 DAYS,INV-2606-0113,26.6.24,26.9.22,"11,569","7,500",USD,
영업2팀 D,Corost Comercializadora S.A. de C.V.,Mexico,O/A 90,INV-2607-0073,26.7.14,2026-10-12,"6,736","4,520",USD,
영업2팀 D,Corost Comercializadora S.A. de C.V.,Mexico,O/A 90,INV-2607-0098,26.7.18,26.10.16,"21,567","14,480",USD,
영업2팀 D,Corost Comercializadora S.A. de C.V.,Mexico,O/A 90,INV-2607-0121,7월 21일,26.10.19,"7,354","4,970",USD,
영업2팀 D,Corost Comercializadora S.A. de C.V.,Mexico,OA 90 DAYS,INV-2609-0151,26.9.28,26.12.27,"4,436","3,270",USD,
영업2팀 D,Galeth Instruments LLC,United States,OA60days,INV-2607-0114,26.7.20,26.9.18,"7,052","4,770",USD,
영업2팀 D,Galeth Instruments LLC,United States,OA 60 DAYS,INV-2607-0153,26.7.25,26.9.23,"25,695","17,590",USD,
영업2팀 D,Galeth Instruments LLC,United States,OA 60 DAYS,INV-2608-0134,26.8.27,26.10.26,"5,332","3,860",USD,
영업2팀 D,Galeth Instruments LLC,United States,O/A 60일,INV-2609-0091,26.9.17,26.11.16,"18,622","13,490",USD,B/L 사본 대기
영업2팀 D,Gemvelund Anlagenbau GmbH,Germany,O/A 60일,INV-2608-0139,26.8.28,26.10.27,"29,181","18,240",EUR,
영업2팀 D,Gemvelund Anlagenbau GmbH,Germany,OA60days,INV-2609-0160,26.9.30,26.11.29,"19,516","12,620",EUR,
영업2팀 D,Helvara Humanitarian Supply Agency,Germany,사후송금 30일,INV-2609-0053,26.9.10,26.10.10,"15,773","10,080",EUR,B/L 사본 대기
영업2팀 D,Ivoost Industrial Ltda.,Brazil,O/A 60,INV-2609-0032,26.9.5,26.11.4,"5,884","4,370",USD,
영업2팀 D,Ivoost Industrial Ltda.,Brazil,OA60days,INV-2609-0044,26.9.7,26.11.6,"5,655","4,200",USD,
영업2팀 D,Junant Anlagenbau AG,Germany,OA 60 DAYS,INV-2608-0009,26.8.2,26.10.1,"2,267","1,370",EUR,
영업2팀 D,Kalora Machinery LLC,United States,사후송금 60일,INV-2607-0031,26.7.5,26.9.3,"3,845","2,500",USD,
영업2팀 D,Kalora Machinery LLC,USA,O/A 60일,INV-2607-0140,26.7.22,26.9.20,"30,699","20,790",USD,
영업2팀 D,Kalora Machinery LLC,United States,O/A 60,INV-2608-0031,26.8.7,26.10.6,"16,384","11,620",USD,
영업2팀 D,Kalora Machinery LLC,United States,OA60days,INV-2608-0040,26.8.9,10월 8일,"12,097","8,580",US$,
영업2팀 D,Kalora Machinery LLC,United States,O/A 60,INV-2608-0076,26.8.16,26.10.15,"22,261","15,740",USD,
영업2팀 D,Kalora Machinery LLC,United States,O/A 60,INV-2608-0111,26.8.22,26.10.21,"19,058","13,760",USD,선적 지연으로 결제 연기 요청
영업2팀 D,Kalora Machinery LLC,United States,사후송금 60일,INV-2609-0029,26.9.4,26.11.3,"26,540","19,710",usd,
영업2팀 D,Kalora Machinery LLC,USA,O/A 60일,INV-2609-0097,2026-09-18,26.11.17,"22,763","16,400",USD,
영업2팀 D,Kalora Machinery LLC,United States,O/A 60,INV-2609-0131,26.9.24,26.11.23,"16,488","12,040",USD,
영업2팀 D,Kalora Machinery LLC,United States,OA60days,INV-2609-0149,26.9.27,26.11.26,"24,702","18,210",USD,
영업2팀 D,Lorion Handel B.V.,Netherlands,D/A at 90 days,INV-2609-0012,26.9.2,26.12.1,"6,332","4,020",EUR,9/30 송금 확인 요청함
영업2팀 D,Oroari Industries LLC,USA,O/A 60,INV-2509-0164,25.9.30,25.11.29,"3,090","2,200",USD,바이어 부도 통보 접수
영업2팀 D,Tevura Automation Inc.,United States,D/A at 90 days,INV-2606-0022,26.6.5,26.9.3,"31,213","20,060",USD,
영업2팀 D 소계,,,,,,,"466,439",,,
,,,,,,,,,,
합계,,,,,,,"3,916,852",,,
