company,cik,form,accession_no,filed_date,fiscal_period_end,period_type,revenue_period_start,revenue_period_end,revenue_period_days,dso_basis_days,row_role,current_assets,current_liabilities,total_liabilities,stockholders_equity,accounts_receivable_net,revenue,operating_income,current_ratio,debt_to_equity,negative_equity_flag,dso_days,op_margin,op_margin_pct,going_concern_flag,later_event,later_event_date,creditor_outcome,xbrl_tags_used,data_note,excerpt_file,filing_url,companyfacts_url
iRobot Corporation,0001159167,10-K,0001159167-25-000011,2025-03-12,2024-12-28,FY,2023-12-31,2024-12-28,364,365,발췌 일치(정답 기준),288502000,218244000,454898000,61239000,49865000,681849000,-102950000,1.3219,7.4282,0,26.69,-0.151,-15.1,doubt_raised,Chapter 11(사전조정형) 신청 → 회생계획 발효(2026-01-23) → 등록 말소 Form 15-12G(2026-01-26),2025-12-14,담보채권 전부를 가진 공급사 Picea가 신주 100% 취득. Picea 외 일반 무담보채권(거래 미지급금 포함)은 전액 지급 대상(8-K 2025-12-15). 기존 주주 0,current_assets=AssetsCurrent; current_liabilities=LiabilitiesCurrent; stockholders_equity=StockholdersEquity; total_liabilities=Liabilities; accounts_receivable_net=AccountsAndOtherReceivablesNetCurrent; revenue=Revenues; operating_income=OperatingIncomeLoss,"이 공시에서는 매출채권이 AccountsAndOtherReceivablesNetCurrent로 태깅됨(값은 재무상태표 'Accounts receivable, net'과 같음). AccountsReceivableNetCurrent로 조회해도 같은 기준일 값(49,865,000)이 나오지만 출처는 이후 10-Q(2025-05-06)의 비교 열이다",reports/irobot.md,https://www.sec.gov/Archives/edgar/data/1159167/000115916725000011/irbt-20241228.htm,https://data.sec.gov/api/xbrl/companyfacts/CIK0001159167.json
iRobot Corporation,0001159167,10-K,0001159167-25-000011,2025-03-12,2023-12-30,FY,2023-01-01,2023-12-30,364,365,전년 비교(FY2024 10-K의 비교 열),465490000,287147000,537211000,196487000,79387000,890580000,-264080000,1.6211,2.7341,0,32.54,-0.2965,-29.65,none(FY2023 10-K: 평가했으나 의문 없음),,,,current_assets=AssetsCurrent; current_liabilities=LiabilitiesCurrent; stockholders_equity=StockholdersEquity; total_liabilities=Liabilities; accounts_receivable_net=AccountsAndOtherReceivablesNetCurrent; revenue=Revenues; operating_income=OperatingIncomeLoss,"이 공시에서는 매출채권이 AccountsAndOtherReceivablesNetCurrent로 태깅됨(값은 재무상태표 'Accounts receivable, net'과 같음). AccountsReceivableNetCurrent로 조회해도 같은 기준일 값(79,387,000)이 나오지만 출처는 이후 10-Q(2024-05-08)의 비교 열이다",reports/irobot.md,https://www.sec.gov/Archives/edgar/data/1159167/000115916725000011/irbt-20241228.htm,https://data.sec.gov/api/xbrl/companyfacts/CIK0001159167.json
"Wolfspeed, Inc.",0000895419,10-Q,0000895419-25-000071,2025-05-09,2025-03-30,Q3(3개월),2024-12-30,2025-03-30,91,91,"발췌 일치(10-Q, 분기 매출 기준)",2870200000,618500000,7361500000,212700000,164600000,185400000,-194500000,4.6406,34.6098,0,80.79,-1.0491,-104.91,doubt_raised,Chapter 11(사전조정형) 신청(텍사스 남부) → 2025-09-29 회생계획 발효·탈출 → 계속 공시 중(FY2026 10-K 2026-08-20),2025-06-30,8-K(2025-07-01): 공급사 등 무담보채권자 전액·정상 지급 예정. Renesas 예치금·전환사채 등 금융채권은 출자전환 등 조정,current_assets=AssetsCurrent; current_liabilities=LiabilitiesCurrent; stockholders_equity=StockholdersEquity; total_liabilities=LiabilitiesCurrent+LiabilitiesNoncurrent; accounts_receivable_net=AccountsReceivableNetCurrent; revenue=RevenueFromContractWithCustomerExcludingAssessedTax; operating_income=OperatingIncomeLoss,이 공시에는 Liabilities 태그 없음 → 유동+비유동 부채 합산(원문 재무상태표에도 '총부채' 합계 행 없음) / 분기 보고서: DSO는 해당 기간 일수(91일)로 계산. 분기 매출에 365를 곱하면 약 4.0배로 부풀려짐 / 영업이익률·DSO는 91일 기간 값(연간 아님),reports/wolfspeed.md,https://www.sec.gov/Archives/edgar/data/895419/000089541925000071/wolf-20250330.htm,https://data.sec.gov/api/xbrl/companyfacts/CIK0000895419.json
"Wolfspeed, Inc.",0000895419,10-K,0000895419-25-000110,2025-08-26,2025-06-29,FY,2024-07-01,2025-06-29,364,365,실습 가이드 §1.10 정답(연간). 파산 신청 뒤 결산,2542200000,7090000000,7301500000,-447100000,178800000,757600000,-1329200000,0.3586,,1,86.14,-1.7545,-175.45,doubt_raised(Chapter 11 진행 중),,,,current_assets=AssetsCurrent; current_liabilities=LiabilitiesCurrent; stockholders_equity=StockholdersEquity; total_liabilities=LiabilitiesCurrent+LiabilitiesNoncurrent; accounts_receivable_net=AccountsReceivableNetCurrent; revenue=RevenueFromContractWithCustomerExcludingAssessedTax; operating_income=OperatingIncomeLoss,"이 공시에는 Liabilities 태그 없음 → 유동+비유동 부채 합산(원문 재무상태표에도 '총부채' 합계 행 없음) / 단, 이후 10-Q(2025-11-07)의 비교 열에는 Liabilities 태그로 보고됨(값 7,301,500,000, 합산값과 같음) — companyconcept 조회 시 form·filed 확인 / 자본총계 음수(자본잠식) → 부채비율 '해석 불가'(계산값을 쓰지 않음)",reports/wolfspeed.md,https://www.sec.gov/Archives/edgar/data/895419/000089541925000110/wolf-20250629.htm,https://data.sec.gov/api/xbrl/companyfacts/CIK0000895419.json
"Big Lots, Inc.",0000768835,10-Q,0000768835-24-000049,2024-06-13,2024-05-04,Q1(13주),2024-02-04,2024-05-04,91,91,"발췌 일치(10-Q, 분기 매출 기준)",1076120000,772418000,3096901000,81441000,,1009112000,-192856000,1.3932,38.0263,0,,-0.1911,-19.11,doubt_raised,"Chapter 11 신청 → 자산 매각(Gordon Brothers, 2025-01-03 종결) → Chapter 7 전환 신청(2025-10-24, 승인 여부 공시 없음)",2024-09-09,8-K(2024-09-10): 신청 '이후' 공급분만 정상 지급 대상으로 명시 — 신청 전 미수금은 파산 절차 배당에 의존. 주주 회수 없음 예상(8-K 2025-10-30),current_assets=AssetsCurrent; current_liabilities=LiabilitiesCurrent; stockholders_equity=StockholdersEquity; total_liabilities=LiabilitiesAndStockholdersEquity-StockholdersEquity; accounts_receivable_net=(없음); revenue=RevenueFromContractWithCustomerIncludingAssessedTax; operating_income=OperatingIncomeLoss,이 공시에는 Liabilities 태그 없음 → 부채와자본총계 − 자본총계로 계산(원문에도 '총부채' 합계 행 없음) / 매출채권 계정 없음(소매업: 현금·카드 매출) → DSO 계산 불가 / 매출 태그가 RevenueFromContractWithCustomerIncludingAssessedTax(10-K는 Excluding도 함께 태깅) / 영업이익률은 91일 기간 값(연간 아님),reports/big_lots.md,https://www.sec.gov/Archives/edgar/data/768835/000076883524000049/big-20240504.htm,https://data.sec.gov/api/xbrl/companyfacts/CIK0000768835.json
"Big Lots, Inc.",0000768835,10-K,0000768835-24-000026,2024-04-18,2024-02-03,FY(53주),2023-01-29,2024-02-03,371,365,"직전 연차(10-K, 계속기업 문구 없음)",1086023000,831019000,3040814000,284495000,,4722099000,-387357000,1.3069,10.6885,0,,-0.082,-8.2,none,,,,current_assets=AssetsCurrent; current_liabilities=LiabilitiesCurrent; stockholders_equity=StockholdersEquity; total_liabilities=LiabilitiesAndStockholdersEquity-StockholdersEquity; accounts_receivable_net=(없음); revenue=RevenueFromContractWithCustomerExcludingAssessedTax; operating_income=OperatingIncomeLoss,"이 공시에는 Liabilities 태그 없음 → 부채와자본총계 − 자본총계로 계산(원문에도 '총부채' 합계 행 없음) / 매출채권 계정 없음(소매업: 현금·카드 매출) → DSO 계산 불가. 참고: 카드 매출채권 29,600,000",reports/big_lots.md,https://www.sec.gov/Archives/edgar/data/768835/000076883524000026/big-20240203.htm,https://data.sec.gov/api/xbrl/companyfacts/CIK0000768835.json
Plug Power Inc.,0001093691,10-Q,0001558370-23-018601,2023-11-09,2023-09-30,Q3(3개월),2023-07-01,2023-09-30,92,92,경고 시점(10-Q),2239904000,930585000,1942835000,3509286000,163187000,198711000,-273971000,2.407,0.5536,0,75.55,-1.3787,-137.87,doubt_raised,"파산 신청 없음(2026-09-30 기준, 8-K Item 1.03 0건). 최신 10-Q(2026-08-10)·FY2025 10-K에 계속기업 문구 없음",,해당 없음(부도 없음) — 오탐 사례,current_assets=AssetsCurrent; current_liabilities=LiabilitiesCurrent; stockholders_equity=StockholdersEquity; total_liabilities=Liabilities; accounts_receivable_net=AccountsReceivableNetCurrent; revenue=Revenues; operating_income=OperatingIncomeLoss,분기 보고서: DSO는 해당 기간 일수(92일)로 계산. 분기 매출에 365를 곱하면 약 4.0배로 부풀려짐 / 영업이익률·DSO는 92일 기간 값(연간 아님),reports/plug_power.md,https://www.sec.gov/Archives/edgar/data/1093691/000155837023018601/plug-20230930x10q.htm,https://data.sec.gov/api/xbrl/companyfacts/CIK0001093691.json
Plug Power Inc.,0001093691,10-K,0001558370-24-002178,2024-02-29,2023-12-31,FY,2023-01-01,2023-12-31,365,365,발췌 PART B(정답 기준),1786965000,964800000,2004613000,2898125000,243811000,891340000,-1343523000,1.8522,0.6917,0,99.84,-1.5073,-150.73,doubt_alleviated(ATM 증자로 해소 기재),,,,current_assets=AssetsCurrent; current_liabilities=LiabilitiesCurrent; stockholders_equity=StockholdersEquity; total_liabilities=Liabilities; accounts_receivable_net=AccountsReceivableNetCurrent; revenue=Revenues; operating_income=OperatingIncomeLoss,,reports/plug_power.md,https://www.sec.gov/Archives/edgar/data/1093691/000155837024002178/plug-20231231x10k.htm,https://data.sec.gov/api/xbrl/companyfacts/CIK0001093691.json
Plug Power Inc.,0001093691,10-K,0001558370-25-002049,2025-03-03,2024-12-31,FY,2024-01-01,2024-12-31,366,365,발췌 PART C,1477484000,748489000,1795090000,1807756000,157244000,628814000,-2019844000,1.974,0.993,0,91.27,-3.2121,-321.21,none(문구 0건),,,,current_assets=AssetsCurrent; current_liabilities=LiabilitiesCurrent; stockholders_equity=StockholdersEquityIncludingPortionAttributableToNoncontrollingInterest; total_liabilities=Liabilities; accounts_receivable_net=AccountsReceivableNetCurrent; revenue=Revenues; operating_income=OperatingIncomeLoss,"비지배지분 있음: 원문 'Total stockholders' equity'(비지배지분 포함) 사용. 모회사 귀속 자본(StockholdersEquity) 1,734,137,000 기준 D/E = 1.04",reports/plug_power.md,https://www.sec.gov/Archives/edgar/data/1093691/000155837025002049/plug-20241231x10k.htm,https://data.sec.gov/api/xbrl/companyfacts/CIK0001093691.json
