invoice_id,buyer_id,country_code,payment_method,currency,ksure_insured,ship_date,due_date,amount_ccy,amount_usd,paid,insurance_type,terms_change_date,bank_change_request
INV-2608-0003,B001,THA,DA,USD,N,2026-08-31,2026-11-01,7170.0,7170.0,N,,,N
INV-2609-0006,B001,THA,DA,USD,N,2026-09-08,2026-12-06,8780.0,8780.0,N,,,N
INV-2609-0018,B001,THA,DA,USD,N,2026-09-15,2026-11-25,12260.0,12260.0,N,,,N
INV-2607-0012,B002,POL,DA,EUR,N,2026-07-10,2026-09-23,1900.0,2223.0,N,,,N
INV-2609-0025,B003,IND,DP,USD,N,2026-09-04,2026-10-01,4390.0,4390.0,N,,,N
INV-2610-0002,B003,IND,DP,USD,N,2026-10-21,2026-11-12,5200.0,5200.0,N,,,N
INV-2611-0010,B003,IND,DP,USD,N,2026-11-17,2026-12-08,9180.0,9180.0,N,,,N
INV-2607-0016,B004,JPN,OA,JPY,Y,2026-07-19,2026-09-20,1741790.0,11669.99,N,개별,,N
INV-2609-0036,B004,JPN,OA,JPY,Y,2026-09-11,2026-11-16,3168660.0,21230.02,N,개별,,N
INV-2610-0015,B004,JPN,OA,JPY,Y,2026-10-07,2026-12-08,1808960.0,12120.03,N,개별,,N
INV-2610-0028,B005,IDN,DP,USD,N,2026-10-06,2026-10-26,3180.0,3180.0,N,,,N
INV-2607-0018,B007,POL,DA,EUR,N,2026-07-31,2026-10-07,26120.0,30560.4,N,,,N
INV-2608-0009,B007,POL,DA,EUR,N,2026-08-23,2026-11-10,10250.0,11992.5,N,,,N
INV-2609-0041,B007,POL,DA,EUR,N,2026-09-02,2026-11-28,4940.0,5779.8,N,,,N
INV-2608-0016,B010,CHN,DA,CNY,N,2026-08-12,2026-10-24,42130.0,5940.33,N,,,N
INV-2610-0034,B010,CHN,DA,CNY,N,2026-10-25,2026-12-28,20710.0,2920.11,N,,,N
INV-2608-0027,B011,TUR,OA,USD,Y,2026-08-02,2026-10-03,7830.0,7830.0,N,개별,,N
INV-2608-0029,B011,TUR,OA,USD,Y,2026-08-13,2026-11-07,2660.0,2660.0,N,개별,,N
INV-2608-0036,B011,TUR,OA,USD,Y,2026-08-22,2026-10-16,23830.0,23830.0,N,개별,,N
INV-2608-0049,B011,TUR,OA,USD,Y,2026-08-29,2026-11-10,22880.0,22880.0,N,개별,,N
INV-2609-0050,B011,TUR,OA,USD,Y,2026-09-11,2026-11-02,17290.0,17290.0,N,개별,,N
INV-2609-0057,B011,TUR,OA,USD,Y,2026-09-21,2026-11-05,4050.0,4050.0,N,개별,,N
INV-2602-0013,B012,USA,TT_SPLIT_30_70,USD,N,2026-02-19,2026-04-20,900.0,900.0,N,,,N
INV-2608-0062,B012,USA,TT_SPLIT_30_70,USD,N,2026-08-08,2026-10-07,4870.0,4870.0,N,,,N
INV-2610-0042,B012,USA,TT_SPLIT_30_70,USD,N,2026-10-07,2026-12-06,12200.0,12200.0,N,,,N
INV-2610-0049,B012,USA,TT_SPLIT_30_70,USD,N,2026-10-24,2026-12-23,17730.0,17730.0,N,,,N
INV-2608-0064,B013,CHN,OA,CNY,N,2026-08-25,2026-11-02,33690.0,4750.29,N,,,N
INV-2608-0070,B013,CHN,OA,CNY,N,2026-08-29,2026-11-27,120990.0,17059.59,N,,,N
INV-2609-0059,B013,CHN,OA,CNY,N,2026-09-19,2026-11-25,52270.0,7370.07,N,,,N
INV-2609-0068,B013,CHN,OA,CNY,N,2026-09-21,2026-12-10,131420.0,18530.22,N,,,N
INV-2607-0030,B014,TUR,DA,USD,Y,2026-07-17,2026-10-14,2530.0,2530.0,N,개별,,N
INV-2608-0082,B014,TUR,DA,USD,Y,2026-08-21,2026-10-28,2460.0,2460.0,N,개별,,N
INV-2609-0073,B015,BRA,TT_SPLIT_30_70,USD,N,2026-09-02,2026-11-01,7920.0,7920.0,N,,,N
INV-2607-0037,B018,CHN,OA,CNY,Y,2026-07-08,2026-09-09,30430.0,4290.63,N,개별,,N
INV-2607-0043,B018,CHN,OA,CNY,Y,2026-07-23,2026-10-11,21700.0,3059.7,N,개별,,N
INV-2607-0055,B018,CHN,OA,CNY,Y,2026-07-28,2026-10-08,95600.0,13479.6,N,개별,,N
INV-2610-0053,B018,CHN,OA,CNY,Y,2026-10-24,2026-12-26,96600.0,13620.6,N,개별,,N
INV-2608-0088,B019,VNM,TT_SPLIT_30_70,USD,Y,2026-08-29,2026-10-28,8720.0,8720.0,N,개별,,N
INV-2610-0065,B019,VNM,TT_SPLIT_30_70,USD,Y,2026-10-28,2026-12-27,2160.0,2160.0,N,개별,,N
INV-2608-0096,B020,USA,DP,USD,Y,2026-08-18,2026-08-28,9850.0,9850.0,N,개별,,N
INV-2611-0014,B020,USA,DP,USD,Y,2026-11-13,2026-12-12,6760.0,6760.0,N,개별,,N
INV-2608-0099,B021,ARE,OA,USD,Y,2026-08-05,2026-10-26,1750.0,1750.0,N,개별,,N
INV-2609-0086,B021,ARE,OA,USD,Y,2026-09-27,2026-12-07,12040.0,12040.0,N,개별,,N
INV-2610-0070,B021,ARE,OA,USD,Y,2026-10-07,2026-12-10,900.0,900.0,N,개별,,N
INV-2607-0064,B022,USA,DA,USD,N,2026-07-20,2026-10-12,6680.0,6680.0,N,,,N
INV-2610-0072,B022,USA,DA,USD,N,2026-10-19,2026-12-21,7350.0,7350.0,N,,,N
INV-2607-0071,B023,DEU,LC_USANCE,EUR,N,2026-07-24,2026-10-22,3420.0,4001.4,N,,,N
INV-2609-0093,B024,THA,OA,USD,Y,2026-09-23,2026-11-29,15010.0,15010.0,N,개별,,N
INV-2609-0094,B024,THA,OA,USD,Y,2026-09-30,2026-11-26,5520.0,5520.0,N,개별,,N
INV-2612-0003,B025,JPN,LC_SIGHT,JPY,N,2026-12-06,2026-12-16,1456720.0,9760.02,N,,,N
INV-2610-0076,B026,IND,OA,USD,Y,2026-10-07,2026-11-28,5870.0,5870.0,N,개별,,N
INV-2610-0085,B027,USA,OA,USD,Y,2026-10-04,2026-12-07,12650.0,12650.0,N,개별,,N
INV-2610-0097,B027,USA,OA,USD,Y,2026-10-13,2026-12-13,7730.0,7730.0,N,개별,,N
INV-2609-0099,B028,BRA,LC_USANCE,USD,N,2026-09-14,2026-12-13,2710.0,2710.0,N,,,N
INV-2609-0101,B028,BRA,LC_USANCE,USD,N,2026-09-27,2026-12-26,15890.0,15890.0,N,,,N
INV-2609-0106,B028,BRA,LC_USANCE,USD,N,2026-09-28,2026-12-27,1770.0,1770.0,N,,,N
INV-2607-0076,B029,THA,OA,USD,N,2026-07-28,2026-10-21,2440.0,2440.0,N,,,N
INV-2607-0080,B029,THA,OA,USD,N,2026-07-31,2026-10-02,19020.0,19020.0,N,,,N
INV-2608-0107,B029,THA,OA,USD,N,2026-08-11,2026-10-08,5780.0,5780.0,N,,,N
INV-2609-0108,B029,THA,OA,USD,N,2026-09-02,2026-10-30,4970.0,4970.0,N,,,N
INV-2609-0121,B029,THA,OA,USD,N,2026-09-22,2026-11-18,20570.0,20570.0,N,,,N
INV-2604-0012,B030,IDN,DA,USD,N,2026-04-18,2026-07-02,6430.0,6430.0,N,,,N
INV-2609-0130,B030,IDN,DA,USD,N,2026-09-25,2026-12-06,4560.0,4560.0,N,,,N
INV-2610-0109,B030,IDN,DA,USD,N,2026-10-08,2026-12-14,3570.0,3570.0,N,,,N
INV-2608-0119,B031,CHN,DP,CNY,Y,2026-08-09,2026-09-01,34400.0,4850.4,N,개별,,N
INV-2609-0133,B031,CHN,DP,CNY,Y,2026-09-26,2026-10-12,102550.0,14459.55,N,개별,,N
INV-2610-0113,B031,CHN,DP,CNY,Y,2026-10-28,2026-11-04,40210.0,5669.61,N,개별,,N
INV-2607-0082,B033,USA,OA,USD,N,2026-07-02,2026-09-03,27800.0,27800.0,N,,,N
INV-2608-0126,B033,USA,OA,USD,N,2026-08-04,2026-10-14,9910.0,9910.0,N,,,N
INV-2609-0142,B034,DEU,DA,EUR,N,2026-09-26,2026-12-25,10470.0,12249.9,N,,,N
INV-2609-0151,B035,CHN,OA,CNY,Y,2026-09-17,2026-11-03,22410.0,3159.81,N,개별,,N
INV-2607-0087,B037,DEU,OA,EUR,N,2026-07-28,2026-10-15,1820.0,2129.4,N,,,N
INV-2608-0138,B037,DEU,OA,EUR,N,2026-08-31,2026-11-05,12420.0,14531.4,N,,,N
INV-2610-0119,B037,DEU,OA,EUR,N,2026-10-12,2026-12-16,7240.0,8470.8,N,,,N
INV-2611-0015,B037,DEU,OA,EUR,N,2026-11-03,2026-12-23,6220.0,7277.4,N,,,N
INV-2608-0150,B039,DEU,OA,EUR,Y,2026-08-13,2026-10-06,21600.0,25272.0,N,개별,,N
INV-2609-0155,B039,DEU,OA,EUR,Y,2026-09-05,2026-11-18,4590.0,5370.3,N,개별,,N
INV-2609-0160,B039,DEU,OA,EUR,Y,2026-09-26,2026-12-10,12840.0,15022.8,N,개별,,N
INV-2606-0002,B041,TUR,OA,USD,N,2026-06-26,2026-08-17,4910.0,4910.0,N,,,N
INV-2609-0163,B041,TUR,OA,USD,N,2026-09-15,2026-12-04,11410.0,11410.0,N,,,N
INV-2608-0155,B042,VNM,LC_SIGHT,USD,N,2026-08-05,2026-08-13,1230.0,1230.0,N,,,N
INV-2610-0124,B042,VNM,LC_SIGHT,USD,N,2026-10-16,2026-10-23,7900.0,7900.0,N,,,N
INV-2610-0133,B042,VNM,LC_SIGHT,USD,N,2026-10-26,2026-11-05,3930.0,3930.0,N,,,N
INV-2611-0019,B042,VNM,LC_SIGHT,USD,N,2026-11-24,2026-12-01,6360.0,6360.0,N,,,N
INV-2607-0096,B043,VNM,OA,USD,Y,2026-07-19,2026-09-04,57160.0,57160.0,N,개별,,N
INV-2609-0174,B043,VNM,OA,USD,Y,2026-09-19,2026-11-22,21000.0,21000.0,N,개별,,N
INV-2610-0140,B043,VNM,OA,USD,Y,2026-10-06,2026-12-27,8900.0,8900.0,N,개별,,N
INV-2608-0160,B046,BRA,OA,USD,Y,2026-08-08,2026-10-28,2600.0,2600.0,N,개별,,N
INV-2608-0168,B046,BRA,OA,USD,Y,2026-08-10,2026-10-01,30300.0,30300.0,N,개별,,N
INV-2609-0186,B046,BRA,OA,USD,Y,2026-09-27,2026-11-28,8780.0,8780.0,N,개별,,N
INV-2610-0147,B046,BRA,OA,USD,Y,2026-10-16,2026-11-30,20970.0,20970.0,N,개별,,N
INV-2607-0109,B047,CHN,OA,CNY,N,2026-07-09,2026-09-08,123400.0,17399.4,N,,,N
INV-2607-0120,B048,USA,LC_USANCE,USD,N,2026-07-21,2026-10-19,5510.0,5510.0,N,,,N
INV-2607-0124,B049,JPN,OA,JPY,Y,2026-07-31,2026-10-22,2634330.0,17650.01,N,개별,,N
INV-2609-0197,B049,JPN,OA,JPY,Y,2026-09-13,2026-11-21,3855220.0,25829.97,N,개별,,N
INV-2607-0131,B050,BRA,LC_USANCE,USD,N,2026-07-21,2026-10-19,13040.0,13040.0,N,,,N
INV-2608-0181,B051,TWN,DA,USD,N,2026-08-03,2026-10-30,25730.0,25730.0,N,,,N
INV-2609-0204,B052,IND,OA,USD,Y,2026-09-26,2026-12-12,2450.0,2450.0,N,개별,,N
INV-2610-0149,B052,IND,OA,USD,Y,2026-10-02,2026-12-28,6220.0,6220.0,N,개별,,N
INV-2608-0184,B053,USA,DA,USD,Y,2026-08-25,2026-10-25,900.0,900.0,N,개별,,N
INV-2609-0215,B053,USA,DA,USD,Y,2026-09-24,2026-12-07,11400.0,11400.0,N,개별,,N
INV-2609-0219,B053,USA,DA,USD,Y,2026-09-27,2026-12-03,4530.0,4530.0,N,개별,,N
INV-2605-0001,B054,DEU,DA,EUR,Y,2026-05-22,2026-08-09,3560.0,4165.2,N,개별,,N
INV-2606-0012,B054,DEU,DA,EUR,Y,2026-06-16,2026-08-25,13100.0,15327.0,N,개별,,N
INV-2607-0143,B054,DEU,DA,EUR,Y,2026-07-25,2026-10-07,870.0,1017.9,N,개별,,N
INV-2609-0220,B054,DEU,DA,EUR,Y,2026-09-29,2026-12-23,4850.0,5674.5,N,개별,,N
INV-2608-0189,B055,CHN,OA,CNY,Y,2026-08-09,2026-11-04,250710.0,35350.11,N,개별,,N
INV-2609-0230,B057,MEX,OA,USD,Y,2026-09-19,2026-12-06,21220.0,21220.0,N,개별,,N
INV-2609-0243,B057,MEX,OA,USD,Y,2026-09-25,2026-11-09,11510.0,11510.0,N,개별,,N
INV-2608-0198,B058,CHN,OA,CNY,Y,2026-08-07,2026-10-13,86740.0,12230.34,N,개별,,N
INV-2608-0206,B058,CHN,OA,CNY,Y,2026-08-10,2026-10-20,58650.0,8269.65,N,개별,,N
INV-2608-0212,B058,CHN,OA,CNY,Y,2026-08-21,2026-10-22,100780.0,14209.98,N,개별,,N
INV-2608-0223,B059,SAU,OA,USD,N,2026-08-22,2026-11-18,3760.0,3760.0,N,,,N
INV-2610-0154,B059,SAU,OA,USD,N,2026-10-25,2026-12-22,2020.0,2020.0,N,,,N
INV-2608-0228,B060,CHN,DA,CNY,N,2026-08-01,2026-10-16,26170.0,3689.97,N,,,N
INV-2609-0253,B060,CHN,DA,CNY,N,2026-09-09,2026-11-28,72060.0,10160.46,N,,,N
INV-2609-0259,B060,CHN,DA,CNY,N,2026-09-20,2026-12-06,47800.0,6739.8,N,,,N
INV-2609-0272,B061,USA,TT_SPLIT_30_70,USD,N,2026-09-02,2026-11-01,1860.0,1860.0,N,,,N
INV-2609-0281,B061,USA,TT_SPLIT_30_70,USD,N,2026-09-15,2026-11-14,9820.0,9820.0,N,,,N
INV-2610-0156,B061,USA,TT_SPLIT_30_70,USD,N,2026-10-25,2026-12-24,9830.0,9830.0,N,,,N
INV-2608-0232,B062,USA,OA,USD,Y,2026-08-01,2026-10-19,5920.0,5920.0,N,개별,,N
INV-2607-0155,B063,VNM,OA,USD,N,2026-07-27,2026-10-09,62000.0,62000.0,N,,,N
INV-2609-0294,B063,VNM,OA,USD,N,2026-09-09,2026-10-29,12180.0,12180.0,N,,,N
INV-2609-0304,B063,VNM,OA,USD,N,2026-09-09,2026-11-18,2090.0,2090.0,N,,,N
INV-2610-0160,B063,VNM,OA,USD,N,2026-10-14,2026-12-22,10180.0,10180.0,N,,,N
INV-2606-0024,B064,CHN,OA,CNY,N,2026-06-20,2026-09-12,33190.0,4679.79,N,,,N
INV-2610-0171,B064,CHN,OA,CNY,N,2026-10-12,2026-12-23,26310.0,3709.71,N,,,N
INV-2607-0162,B065,THA,OA,USD,Y,2026-07-07,2026-09-19,14670.0,14670.0,N,개별,,N
INV-2607-0172,B065,THA,OA,USD,Y,2026-07-28,2026-09-25,7430.0,7430.0,N,개별,,N
INV-2608-0237,B065,THA,OA,USD,Y,2026-08-14,2026-10-01,7290.0,7290.0,N,개별,,N
INV-2608-0249,B065,THA,OA,USD,Y,2026-08-22,2026-11-14,6030.0,6030.0,N,개별,,N
INV-2607-0178,B066,TWN,LC_USANCE,USD,N,2026-07-28,2026-10-26,10380.0,10380.0,N,,,N
INV-2609-0312,B066,TWN,LC_USANCE,USD,N,2026-09-19,2026-12-18,8040.0,8040.0,N,,,N
INV-2607-0182,B067,TWN,OA,USD,Y,2026-07-18,2026-10-11,3900.0,3900.0,N,개별,,N
INV-2608-0259,B067,TWN,OA,USD,Y,2026-08-09,2026-10-22,14000.0,14000.0,N,개별,,N
INV-2610-0174,B067,TWN,OA,USD,Y,2026-10-06,2026-11-26,4810.0,4810.0,N,개별,,N
INV-2611-0020,B067,TWN,OA,USD,Y,2026-11-07,2026-12-25,1800.0,1800.0,N,개별,,N
INV-2604-0014,B069,MEX,OA,USD,Y,2026-04-29,2026-07-23,62000.0,62000.0,N,개별,,N
INV-2606-0032,B069,MEX,OA,USD,Y,2026-06-20,2026-08-23,4790.0,4790.0,N,개별,,N
INV-2609-0313,B069,MEX,OA,USD,Y,2026-09-07,2026-11-20,12720.0,12720.0,N,개별,,N
INV-2609-0325,B069,MEX,OA,USD,Y,2026-09-15,2026-11-10,26440.0,26440.0,N,개별,,N
INV-2609-0336,B069,MEX,OA,USD,Y,2026-09-23,2026-11-27,4790.0,4790.0,N,개별,,N
INV-2610-0175,B069,MEX,OA,USD,Y,2026-10-18,2026-12-23,5440.0,5440.0,N,개별,,N
INV-2608-0269,B070,JPN,TT_SPLIT_30_70,JPY,N,2026-08-21,2026-10-20,1628360.0,10910.01,N,,,N
INV-2609-0349,B070,JPN,TT_SPLIT_30_70,JPY,N,2026-09-22,2026-11-21,659700.0,4419.99,N,,,N
INV-2608-0282,B071,JPN,OA,JPY,N,2026-08-12,2026-11-09,1176120.0,7880.0,N,,,N
INV-2608-0290,B071,JPN,OA,JPY,N,2026-08-13,2026-10-04,1968660.0,13190.02,N,,,N
INV-2610-0179,B071,JPN,OA,JPY,N,2026-10-21,2026-12-05,1673130.0,11209.97,N,,,N
INV-2607-0188,B072,IND,TT_SPLIT_30_70,USD,N,2026-07-31,2026-09-29,9360.0,9360.0,N,,,N
INV-2607-0199,B073,THA,OA,USD,Y,2026-07-30,2026-09-21,3400.0,3400.0,N,개별,,N
INV-2607-0200,B077,NLD,OA,EUR,N,2026-07-24,2026-09-13,10870.0,12717.9,N,,,N
INV-2609-0357,B077,NLD,OA,EUR,N,2026-09-09,2026-11-26,9510.0,11126.7,N,,,N
INV-2607-0202,B078,TWN,OA,USD,Y,2026-07-26,2026-10-05,1460.0,1460.0,N,개별,,N
INV-2611-0031,B078,TWN,OA,USD,Y,2026-11-02,2026-12-19,2570.0,2570.0,N,개별,,N
INV-2607-0206,B080,DEU,LC_USANCE,EUR,N,2026-07-13,2026-10-11,3900.0,4563.0,N,,,N
INV-2607-0218,B080,DEU,LC_USANCE,EUR,N,2026-07-25,2026-10-23,1730.0,2024.1,N,,,N
INV-2607-0226,B081,BRA,DA,USD,N,2026-07-10,2026-09-27,4550.0,4550.0,N,,,N
INV-2608-0294,B081,BRA,DA,USD,N,2026-08-16,2026-10-28,7150.0,7150.0,N,,,N
INV-2609-0363,B081,BRA,DA,USD,N,2026-09-15,2026-11-24,15810.0,15810.0,N,,,N
INV-2609-0367,B081,BRA,DA,USD,N,2026-09-16,2026-12-02,9810.0,9810.0,N,,,N
INV-2610-0182,B081,BRA,DA,USD,N,2026-10-16,2026-12-20,24630.0,24630.0,N,,,N
INV-2609-0379,B082,VNM,OA,USD,Y,2026-09-23,2026-11-16,10440.0,10440.0,N,개별,,N
INV-2610-0189,B082,VNM,OA,USD,Y,2026-10-12,2026-12-23,8530.0,8530.0,N,개별,,N
INV-2607-0230,B083,CHN,OA,CNY,N,2026-07-29,2026-09-18,58870.0,8300.67,N,,,N
INV-2608-0306,B083,CHN,OA,CNY,N,2026-08-24,2026-11-20,71630.0,10099.83,N,,,N
INV-2604-0023,B084,NGA,OA,USD,Y,2026-04-13,2026-06-24,62000.0,62000.0,N,개별,,N
INV-2606-0041,B084,NGA,OA,USD,Y,2026-06-02,2026-07-31,6040.0,6040.0,N,개별,,N
INV-2608-0317,B084,NGA,OA,USD,Y,2026-08-16,2026-10-31,2730.0,2730.0,N,개별,,N
INV-2607-0231,B085,IDN,OA,USD,Y,2026-07-16,2026-10-01,950.0,950.0,N,개별,,N
INV-2607-0232,B085,IDN,OA,USD,Y,2026-07-20,2026-09-24,2800.0,2800.0,N,개별,,N
INV-2611-0039,B085,IDN,OA,USD,Y,2026-11-08,2026-12-26,7250.0,7250.0,N,개별,,N
INV-2608-0319,B086,CHN,DA,CNY,Y,2026-08-10,2026-10-29,81700.0,11519.7,N,개별,,N
INV-2610-0191,B086,CHN,DA,CNY,Y,2026-10-13,2026-12-17,10850.0,1529.85,N,개별,,N
INV-2610-0198,B086,CHN,DA,CNY,Y,2026-10-19,2026-12-23,10000.0,1410.0,N,개별,,N
INV-2607-0238,B087,ARE,DA,USD,Y,2026-07-16,2026-10-09,4990.0,4990.0,N,개별,,N
INV-2608-0331,B087,ARE,DA,USD,Y,2026-08-06,2026-10-28,5970.0,5970.0,N,개별,,N
INV-2609-0392,B087,ARE,DA,USD,Y,2026-09-12,2026-12-07,54540.0,54540.0,N,개별,,N
INV-2610-0208,B087,ARE,DA,USD,Y,2026-10-04,2026-12-05,12380.0,12380.0,N,개별,,N
INV-2608-0343,B088,USA,LC_USANCE,USD,N,2026-08-01,2026-10-30,4960.0,4960.0,N,,,N
INV-2608-0346,B088,USA,LC_USANCE,USD,N,2026-08-27,2026-11-25,4850.0,4850.0,N,,,N
INV-2609-0404,B088,USA,LC_USANCE,USD,N,2026-09-23,2026-12-22,21880.0,21880.0,N,,,N
INV-2608-0347,B089,GBR,OA,USD,Y,2026-08-19,2026-10-22,5210.0,5210.0,N,개별,,N
INV-2609-0414,B089,GBR,OA,USD,Y,2026-09-14,2026-12-01,24450.0,24450.0,N,개별,,N
INV-2610-0221,B089,GBR,OA,USD,Y,2026-10-09,2026-12-18,2870.0,2870.0,N,개별,,N
INV-2609-0417,B090,THA,DA,USD,Y,2026-09-14,2026-11-17,1550.0,1550.0,N,개별,,N
INV-2608-0358,B091,TWN,OA,USD,Y,2026-08-13,2026-10-12,7810.0,7810.0,N,개별,,N
INV-2608-0361,B092,ARE,DA,USD,Y,2026-08-18,2026-11-15,2010.0,2010.0,N,개별,,N
INV-2608-0371,B092,ARE,DA,USD,Y,2026-08-27,2026-11-18,32580.0,32580.0,N,개별,,N
INV-2608-0374,B092,ARE,DA,USD,Y,2026-08-28,2026-11-23,7260.0,7260.0,N,개별,,N
INV-2610-0233,B093,USA,DA,USD,Y,2026-10-07,2026-12-26,4370.0,4370.0,N,개별,,N
INV-2607-0247,B094,TWN,LC_USANCE,USD,N,2026-07-17,2026-10-15,2740.0,2740.0,N,,,N
INV-2609-0423,B094,TWN,LC_USANCE,USD,N,2026-09-15,2026-12-14,16070.0,16070.0,N,,,N
INV-2607-0251,B095,DEU,DA,EUR,Y,2026-07-21,2026-10-15,11890.0,13911.3,N,개별,,N
INV-2609-0425,B098,NLD,DA,EUR,N,2026-09-01,2026-10-31,3540.0,4141.8,N,,,N
INV-2603-0002,B100,NLD,OA,EUR,Y,2026-03-15,2026-06-02,21890.0,25611.3,N,개별,,N
INV-2608-0383,B100,NLD,OA,EUR,Y,2026-08-18,2026-11-09,12780.0,14952.6,N,개별,,N
INV-2609-0432,B100,NLD,OA,EUR,Y,2026-09-02,2026-10-22,2950.0,3451.5,N,개별,,N
INV-2608-0388,B101,CHN,OA,CNY,Y,2026-08-27,2026-11-16,119500.0,16849.5,N,개별,,N
INV-2608-0401,B101,CHN,OA,CNY,Y,2026-08-30,2026-11-27,66740.0,9410.34,N,개별,,N
INV-2609-0442,B102,IDN,OA,USD,N,2026-09-04,2026-10-26,17840.0,17840.0,N,,,N
INV-2609-0452,B102,IDN,OA,USD,N,2026-09-25,2026-12-17,7120.0,7120.0,N,,,N
INV-2608-0406,B103,EGY,OA,USD,N,2026-08-03,2026-10-18,19520.0,19520.0,N,,,N
INV-2606-0043,B104,MEX,OA,USD,N,2026-06-20,2026-09-10,900.0,900.0,N,,,N
INV-2608-0412,B104,MEX,OA,USD,N,2026-08-22,2026-10-24,9410.0,9410.0,N,,,N
INV-2609-0455,B104,MEX,OA,USD,N,2026-09-06,2026-11-05,9760.0,9760.0,N,,,N
INV-2610-0244,B105,JPN,OA,JPY,N,2026-10-04,2026-12-06,753730.0,5049.99,N,,,N
INV-2607-0252,B106,ARE,OA,USD,N,2026-07-05,2026-10-01,4660.0,4660.0,N,,,N
INV-2607-0265,B106,ARE,OA,USD,N,2026-07-12,2026-10-06,52200.0,52200.0,N,,,N
INV-2607-0266,B106,ARE,OA,USD,N,2026-07-25,2026-09-16,11020.0,11020.0,N,,,N
INV-2608-0425,B106,ARE,OA,USD,N,2026-08-24,2026-10-21,22040.0,22040.0,N,,,N
INV-2608-0431,B107,JPN,LC_USANCE,JPY,N,2026-08-11,2026-11-09,943280.0,6319.98,N,,,N
INV-2608-0442,B107,JPN,LC_USANCE,JPY,N,2026-08-24,2026-11-22,3562690.0,23870.02,N,,,N
INV-2609-0463,B107,JPN,LC_USANCE,JPY,N,2026-09-03,2026-12-02,685070.0,4589.97,N,,,N
INV-2609-0467,B107,JPN,LC_USANCE,JPY,N,2026-09-13,2026-12-12,2098510.0,14060.02,N,,,N
INV-2610-0249,B109,USA,OA,USD,N,2026-10-25,2026-12-23,2530.0,2530.0,N,,,N
INV-2607-0268,B110,THA,DA,USD,Y,2026-07-24,2026-10-09,8600.0,8600.0,N,개별,,N
INV-2609-0471,B110,THA,DA,USD,Y,2026-09-29,2026-12-02,16680.0,16680.0,N,개별,,N
INV-2609-0482,B110,THA,DA,USD,Y,2026-09-30,2026-12-04,2160.0,2160.0,N,개별,,N
INV-2607-0271,B111,CHN,LC_USANCE,CNY,N,2026-07-26,2026-10-24,17940.0,2529.54,N,,,N
INV-2607-0278,B112,JPN,OA,JPY,Y,2026-07-27,2026-09-22,889550.0,5959.99,N,개별,,N
INV-2609-0489,B112,JPN,OA,JPY,Y,2026-09-17,2026-11-30,1850750.0,12400.02,N,개별,,N
INV-2610-0260,B112,JPN,OA,JPY,Y,2026-10-08,2026-12-20,591040.0,3959.97,N,개별,,N
INV-2607-0281,B113,CHN,OA,CNY,N,2026-07-07,2026-10-02,315250.0,44450.25,N,,,N
INV-2610-0263,B113,CHN,OA,CNY,N,2026-10-14,2026-12-19,83690.0,11800.29,N,,,N
INV-2607-0288,B115,NLD,LC_USANCE,EUR,N,2026-07-09,2026-10-07,10020.0,11723.4,N,,,N
INV-2608-0453,B115,NLD,LC_USANCE,EUR,N,2026-08-13,2026-11-11,13070.0,15291.9,N,,,N
INV-2606-0053,B116,IDN,OA,USD,Y,2026-06-24,2026-09-02,30040.0,30040.0,N,개별,,N
INV-2608-0458,B116,IDN,OA,USD,Y,2026-08-18,2026-10-04,5190.0,5190.0,N,개별,,N
INV-2609-0496,B116,IDN,OA,USD,Y,2026-09-16,2026-12-03,4150.0,4150.0,N,개별,,N
INV-2605-0007,B117,IDN,OA,USD,Y,2026-05-16,2026-07-17,13670.0,13670.0,N,개별,,N
INV-2609-0509,B117,IDN,OA,USD,Y,2026-09-07,2026-11-19,5520.0,5520.0,N,개별,,N
INV-2610-0269,B117,IDN,OA,USD,Y,2026-10-09,2026-12-14,26030.0,26030.0,N,개별,,N
INV-2610-0280,B117,IDN,OA,USD,Y,2026-10-23,2026-12-22,1830.0,1830.0,N,개별,,N
INV-2609-0514,B119,ARE,OA,USD,N,2026-09-01,2026-10-30,1790.0,1790.0,N,,,N
INV-2606-0066,B120,CHN,OA,CNY,Y,2026-06-29,2026-09-06,42770.0,6030.57,N,개별,,N
INV-2608-0470,B120,CHN,OA,CNY,Y,2026-08-28,2026-11-01,58010.0,8179.41,N,개별,,N
INV-2609-0515,B120,CHN,OA,CNY,Y,2026-09-02,2026-10-20,160500.0,22630.5,N,개별,,N
INV-2606-0079,B121,DEU,OA,EUR,Y,2026-06-28,2026-08-30,6560.0,7675.2,N,개별,,N
INV-2607-0291,B121,DEU,OA,EUR,Y,2026-07-22,2026-10-03,3540.0,4141.8,N,개별,,N
INV-2608-0472,B121,DEU,OA,EUR,Y,2026-08-16,2026-10-22,2090.0,2445.3,N,개별,,N
INV-2609-0526,B121,DEU,OA,EUR,Y,2026-09-13,2026-12-04,5560.0,6505.2,N,개별,,N
INV-2608-0482,B122,TWN,DA,USD,N,2026-08-19,2026-11-02,3580.0,3580.0,N,,,N
INV-2610-0286,B123,POL,DP,EUR,Y,2026-10-04,2026-10-15,5540.0,6481.8,N,개별,,N
INV-2611-0040,B123,POL,DP,EUR,Y,2026-11-14,2026-12-10,1960.0,2293.2,N,개별,,N
INV-2611-0048,B123,POL,DP,EUR,Y,2026-11-29,2026-12-26,5860.0,6856.2,N,개별,,N
INV-2608-0484,B124,DEU,OA,EUR,Y,2026-08-10,2026-10-16,13830.0,16181.1,N,개별,,N
INV-2608-0488,B124,DEU,OA,EUR,Y,2026-08-15,2026-10-02,4320.0,5054.4,N,개별,,N
INV-2609-0529,B125,USA,DA,USD,Y,2026-09-05,2026-11-21,11870.0,11870.0,N,개별,,N
INV-2607-0300,B126,NLD,OA,EUR,N,2026-07-15,2026-10-02,3530.0,4130.1,N,,,N
INV-2608-0498,B126,NLD,OA,EUR,N,2026-08-19,2026-10-31,11490.0,13443.3,N,,,N
INV-2610-0287,B126,NLD,OA,EUR,N,2026-10-02,2026-12-02,5720.0,6692.4,N,,,N
INV-2610-0296,B126,NLD,OA,EUR,N,2026-10-04,2026-12-22,2500.0,2925.0,N,,,N
INV-2512-0003,B127,ARE,DA,USD,Y,2025-12-21,2026-02-28,6100.0,6100.0,N,개별,,N
INV-2610-0308,B127,ARE,DA,USD,Y,2026-10-25,2026-12-28,4120.0,4120.0,N,개별,,N
INV-2609-0534,B128,USA,OA,USD,N,2026-09-23,2026-12-01,2260.0,2260.0,N,,,N
INV-2609-0540,B128,USA,OA,USD,N,2026-09-24,2026-11-19,20970.0,20970.0,N,,,N
INV-2609-0548,B129,TUR,OA,USD,Y,2026-09-06,2026-11-30,8870.0,8870.0,N,개별,,N
INV-2607-0306,B130,JPN,OA,JPY,N,2026-07-18,2026-09-17,5786570.0,38770.02,N,,,N
INV-2607-0312,B130,JPN,OA,JPY,N,2026-07-20,2026-10-04,1228360.0,8230.01,N,,,N
INV-2609-0552,B130,JPN,OA,JPY,N,2026-09-27,2026-12-12,955220.0,6399.97,N,,,N
INV-2609-0564,B131,IDN,OA,USD,N,2026-09-30,2026-12-06,11260.0,11260.0,N,,,N
INV-2608-0507,B132,IDN,OA,USD,N,2026-08-10,2026-10-17,15730.0,15730.0,N,,,N
INV-2609-0567,B133,USA,DP,USD,N,2026-09-29,2026-10-11,2400.0,2400.0,N,,,N
INV-2610-0318,B133,USA,DP,USD,N,2026-10-03,2026-10-20,3250.0,3250.0,N,,,N
INV-2607-0320,B135,MEX,DA,USD,Y,2026-07-25,2026-10-03,2350.0,2350.0,N,개별,,N
INV-2608-0515,B135,MEX,DA,USD,Y,2026-08-12,2026-10-31,26550.0,26550.0,N,개별,,N
INV-2609-0580,B135,MEX,DA,USD,Y,2026-09-03,2026-11-15,6050.0,6050.0,N,개별,,N
INV-2609-0593,B135,MEX,DA,USD,Y,2026-09-29,2026-12-25,3180.0,3180.0,N,개별,,N
INV-2609-0605,B137,USA,DA,USD,Y,2026-09-19,2026-11-23,7200.0,7200.0,N,개별,,N
INV-2608-0517,B138,VNM,OA,USD,Y,2026-08-07,2026-10-18,37340.0,37340.0,N,개별,,N
INV-2608-0523,B138,VNM,OA,USD,Y,2026-08-29,2026-11-03,21130.0,21130.0,N,개별,,N
INV-2609-0606,B138,VNM,OA,USD,Y,2026-09-10,2026-11-19,24150.0,24150.0,N,개별,,N
INV-2609-0612,B138,VNM,OA,USD,Y,2026-09-27,2026-12-16,23870.0,23870.0,N,개별,,N
INV-2605-0018,B139,DEU,LC_USANCE,EUR,N,2026-05-28,2026-08-26,3080.0,3603.6,N,,,N
INV-2607-0327,B139,DEU,LC_USANCE,EUR,N,2026-07-06,2026-10-04,4150.0,4855.5,N,,,N
INV-2608-0535,B139,DEU,LC_USANCE,EUR,N,2026-08-29,2026-11-27,17670.0,20673.9,N,,,N
INV-2609-0624,B141,MEX,OA,USD,N,2026-09-10,2026-11-25,4460.0,4460.0,N,,,N
INV-2610-0320,B141,MEX,OA,USD,N,2026-10-01,2026-11-25,900.0,900.0,N,,,N
INV-2610-0332,B141,MEX,OA,USD,N,2026-10-01,2026-12-12,3150.0,3150.0,N,,,N
INV-2608-0543,B142,IND,DA,USD,N,2026-08-03,2026-10-28,1290.0,1290.0,N,,,N
INV-2610-0333,B142,IND,DA,USD,N,2026-10-05,2026-12-19,6700.0,6700.0,N,,,N
INV-2608-0545,B143,IND,DA,USD,N,2026-08-17,2026-11-10,7980.0,7980.0,N,,,N
INV-2610-0337,B143,IND,DA,USD,N,2026-10-18,2026-12-17,6530.0,6530.0,N,,,N
INV-2610-0344,B144,MEX,OA,USD,Y,2026-10-17,2026-12-28,13470.0,13470.0,N,개별,,N
INV-2607-0333,B145,IND,DA,USD,N,2026-07-25,2026-10-19,12880.0,12880.0,N,,,N
INV-2607-0334,B146,USA,OA,USD,Y,2026-07-03,2026-09-28,8000.0,8000.0,N,개별,,N
INV-2608-0556,B146,USA,OA,USD,Y,2026-08-14,2026-10-03,17390.0,17390.0,N,개별,,N
INV-2609-0630,B147,CHN,LC_USANCE,CNY,N,2026-09-15,2026-12-14,214260.0,30210.66,N,,,N
INV-2608-0557,B148,VNM,DP,USD,N,2026-08-13,2026-08-31,3340.0,3340.0,N,,,N
INV-2610-0350,B148,VNM,DP,USD,N,2026-10-10,2026-10-18,10490.0,10490.0,N,,,N
INV-2611-0049,B148,VNM,DP,USD,N,2026-11-03,2026-11-22,6560.0,6560.0,N,,,N
INV-2612-0013,B148,VNM,DP,USD,N,2026-12-08,2026-12-17,22730.0,22730.0,N,,,N
INV-2606-0081,B149,DEU,OA,EUR,N,2026-06-22,2026-09-15,920.0,1076.4,N,,,N
INV-2607-0341,B149,DEU,OA,EUR,N,2026-07-31,2026-10-26,3700.0,4329.0,N,,,N
INV-2609-0632,B149,DEU,OA,EUR,N,2026-09-24,2026-12-04,6270.0,7335.9,N,,,N
INV-2609-0642,B149,DEU,OA,EUR,N,2026-09-29,2026-12-04,3740.0,4375.8,N,,,N
INV-2607-0344,B150,CHN,DA,CNY,Y,2026-07-18,2026-10-10,96600.0,13620.6,N,개별,,N
INV-2607-0357,B150,CHN,DA,CNY,Y,2026-07-28,2026-10-02,61770.0,8709.57,N,개별,,N
INV-2608-0568,B150,CHN,DA,CNY,Y,2026-08-14,2026-11-08,15320.0,2160.12,N,개별,,N
INV-2610-0353,B150,CHN,DA,CNY,Y,2026-10-01,2026-12-24,57800.0,8149.8,N,개별,,N
