buyer_id,ref_date,pd_30d,pred_late,threshold_used,grade,country_code,currency,payment_method,ksure_insured,bankruptcy_flag
B001,2026-09-30,0.1698,1,0.1698,C,THA,USD,DA,N,0
B002,2026-09-30,0.00414,0,0.1698,S,POL,EUR,DA,N,0
B003,2026-09-30,0.00394,0,0.1698,S,IND,USD,DP,N,0
B004,2026-09-30,0.00087,0,0.1698,S,JPN,JPY,OA,Y,0
B005,2026-09-30,0.00157,0,0.1698,S,IDN,USD,DP,N,0
B006,2026-09-30,0.00312,0,0.1698,S,POL,EUR,OA,Y,0
B007,2026-09-30,0.01556,0,0.1698,S,POL,EUR,DA,N,0
B008,2026-09-30,0.26991,1,0.1698,C,VNM,USD,OA,Y,0
B009,2026-09-30,0.00144,0,0.1698,S,USA,USD,OA,N,0
B010,2026-09-30,0.00358,0,0.1698,S,CHN,CNY,DA,N,0
B011,2026-09-30,0.00615,0,0.1698,S,TUR,USD,OA,Y,0
B012,2026-09-30,0.4547,1,0.1698,C,USA,USD,TT_SPLIT_30_70,N,0
B013,2026-09-30,0.00183,0,0.1698,S,CHN,CNY,OA,N,0
B014,2026-09-30,0.00084,0,0.1698,S,TUR,USD,DA,Y,0
B015,2026-09-30,0.00089,0,0.1698,S,BRA,USD,TT_SPLIT_30_70,N,0
B016,2026-09-30,0.004,0,0.1698,S,POL,EUR,DP,Y,0
B017,2026-09-30,0.00161,0,0.1698,S,DEU,EUR,LC_USANCE,N,0
B018,2026-09-30,0.0013,0,0.1698,S,CHN,CNY,OA,Y,0
B019,2026-09-30,0.00117,0,0.1698,S,VNM,USD,TT_SPLIT_30_70,Y,0
B020,2026-09-30,0.00488,0,0.1698,S,USA,USD,DP,Y,0
B021,2026-09-30,0.00309,0,0.1698,S,ARE,USD,OA,Y,0
B022,2026-09-30,0.007,0,0.1698,S,USA,USD,DA,N,0
B023,2026-09-30,0.00206,0,0.1698,S,DEU,EUR,LC_USANCE,N,0
B024,2026-09-30,0.00163,0,0.1698,S,THA,USD,OA,Y,1
B025,2026-09-30,0.00218,0,0.1698,S,JPN,JPY,LC_SIGHT,N,0
B026,2026-09-30,0.0029,0,0.1698,S,IND,USD,OA,Y,0
B027,2026-09-30,0.00188,0,0.1698,S,USA,USD,OA,Y,0
B028,2026-09-30,0.00139,0,0.1698,S,BRA,USD,LC_USANCE,N,0
B029,2026-09-30,0.00559,0,0.1698,S,THA,USD,OA,N,0
B030,2026-09-30,0.00093,0,0.1698,S,IDN,USD,DA,N,0
B031,2026-09-30,0.00104,0,0.1698,S,CHN,CNY,DP,Y,0
B032,2026-09-30,0.00348,0,0.1698,S,BRA,USD,OA,Y,0
B033,2026-09-30,0.00643,0,0.1698,S,USA,USD,OA,N,0
B034,2026-09-30,0.00316,0,0.1698,S,DEU,EUR,DA,N,0
B035,2026-09-30,0.00225,0,0.1698,S,CHN,CNY,OA,Y,0
B036,2026-09-30,0.00709,0,0.1698,S,POL,EUR,DA,N,0
B037,2026-09-30,0.00081,0,0.1698,S,DEU,EUR,OA,N,0
B038,2026-09-30,0.00578,0,0.1698,S,DEU,EUR,DP,Y,0
B039,2026-09-30,0.0038,0,0.1698,S,DEU,EUR,OA,Y,0
B040,2026-09-30,0.62163,1,0.1698,C,USA,USD,OA,N,0
B041,2026-09-30,0.00083,0,0.1698,S,TUR,USD,OA,N,0
B042,2026-09-30,0.00082,0,0.1698,S,VNM,USD,LC_SIGHT,N,0
B043,2026-09-30,0.00239,0,0.1698,S,VNM,USD,OA,Y,0
B044,2026-09-30,0.00828,0,0.1698,S,ARE,USD,LC_USANCE,N,0
B045,2026-09-30,0.00125,0,0.1698,S,THA,USD,OA,Y,0
B046,2026-09-30,0.00123,0,0.1698,S,BRA,USD,OA,Y,0
B047,2026-09-30,0.00444,0,0.1698,S,CHN,CNY,OA,N,0
B048,2026-09-30,0.00055,0,0.1698,S,USA,USD,LC_USANCE,N,0
B049,2026-09-30,0.00789,0,0.1698,S,JPN,JPY,OA,Y,0
B050,2026-09-30,0.00453,0,0.1698,S,BRA,USD,LC_USANCE,N,0
B051,2026-09-30,0.54962,1,0.1698,C,TWN,USD,DA,N,0
B052,2026-09-30,0.00104,0,0.1698,S,IND,USD,OA,Y,0
B053,2026-09-30,0.00057,0,0.1698,S,USA,USD,DA,Y,0
B054,2026-09-30,0.00065,0,0.1698,S,DEU,EUR,DA,Y,0
B055,2026-09-30,0.00444,0,0.1698,S,CHN,CNY,OA,Y,0
B056,2026-09-30,0.01506,0,0.1698,S,THA,USD,OA,Y,1
B057,2026-09-30,0.0006,0,0.1698,S,MEX,USD,OA,Y,0
B058,2026-09-30,0.00195,0,0.1698,S,CHN,CNY,OA,Y,0
B059,2026-09-30,0.23265,1,0.1698,C,SAU,USD,OA,N,0
B060,2026-09-30,0.64359,1,0.1698,C,CHN,CNY,DA,N,0
B061,2026-09-30,0.00337,0,0.1698,S,USA,USD,TT_SPLIT_30_70,N,0
B062,2026-09-30,0.00109,0,0.1698,S,USA,USD,OA,Y,0
B063,2026-09-30,0.74594,1,0.1698,C,VNM,USD,OA,N,0
B064,2026-09-30,0.00393,0,0.1698,S,CHN,CNY,OA,N,0
B065,2026-09-30,0.00347,0,0.1698,S,THA,USD,OA,Y,0
B066,2026-09-30,0.00232,0,0.1698,S,TWN,USD,LC_USANCE,N,0
B067,2026-09-30,0.01101,0,0.1698,S,TWN,USD,OA,Y,0
B068,2026-09-30,0.00037,0,0.1698,S,JPN,JPY,OA,N,0
B069,2026-09-30,0.00206,0,0.1698,S,MEX,USD,OA,Y,0
B070,2026-09-30,0.00154,0,0.1698,S,JPN,JPY,TT_SPLIT_30_70,N,0
B071,2026-09-30,0.00103,0,0.1698,S,JPN,JPY,OA,N,0
B072,2026-09-30,0.0015,0,0.1698,S,IND,USD,TT_SPLIT_30_70,N,0
B073,2026-09-30,0.00562,0,0.1698,S,THA,USD,OA,Y,0
B074,2026-09-30,0.00066,0,0.1698,S,SAU,USD,OA,N,0
B075,2026-09-30,0.00993,0,0.1698,S,USA,USD,TT_SPLIT_30_70,Y,0
B076,2026-09-30,0.00191,0,0.1698,S,BRA,USD,DA,Y,0
B077,2026-09-30,0.00054,0,0.1698,S,NLD,EUR,OA,N,0
B078,2026-09-30,0.0028,0,0.1698,S,TWN,USD,OA,Y,0
B079,2026-09-30,0.00084,0,0.1698,S,MEX,USD,OA,Y,0
B080,2026-09-30,0.0019,0,0.1698,S,DEU,EUR,LC_USANCE,N,0
B081,2026-09-30,0.00418,0,0.1698,S,BRA,USD,DA,N,0
B082,2026-09-30,0.00211,0,0.1698,S,VNM,USD,OA,Y,0
B083,2026-09-30,0.00354,0,0.1698,S,CHN,CNY,OA,N,0
B084,2026-09-30,0.0005,0,0.1698,S,NGA,USD,OA,Y,0
B085,2026-09-30,0.84364,1,0.1698,C,IDN,USD,OA,Y,0
B086,2026-09-30,0.00083,0,0.1698,S,CHN,CNY,DA,Y,0
B087,2026-09-30,0.00085,0,0.1698,S,ARE,USD,DA,Y,0
B088,2026-09-30,0.0023,0,0.1698,S,USA,USD,LC_USANCE,N,0
B089,2026-09-30,0.00564,0,0.1698,S,GBR,USD,OA,Y,0
B090,2026-09-30,0.00247,0,0.1698,S,THA,USD,DA,Y,0
B091,2026-09-30,0.00271,0,0.1698,S,TWN,USD,OA,Y,0
B092,2026-09-30,0.00299,0,0.1698,S,ARE,USD,DA,Y,0
B093,2026-09-30,0.00679,0,0.1698,S,USA,USD,DA,Y,0
B094,2026-09-30,0.19887,1,0.1698,C,TWN,USD,LC_USANCE,N,0
B095,2026-09-30,0.00294,0,0.1698,S,DEU,EUR,DA,Y,0
B096,2026-09-30,0.0003,0,0.1698,S,MEX,USD,DA,N,0
B097,2026-09-30,0.00076,0,0.1698,S,GBR,USD,OA,Y,1
B098,2026-09-30,0.0005,0,0.1698,S,NLD,EUR,DA,N,0
B099,2026-09-30,0.00105,0,0.1698,S,USA,USD,DA,Y,0
B100,2026-09-30,0.00257,0,0.1698,S,NLD,EUR,OA,Y,0
B101,2026-09-30,0.00564,0,0.1698,S,CHN,CNY,OA,Y,0
B102,2026-09-30,0.0033,0,0.1698,S,IDN,USD,OA,N,0
B103,2026-09-30,0.00042,0,0.1698,S,EGY,USD,OA,N,0
B104,2026-09-30,0.00817,0,0.1698,S,MEX,USD,OA,N,0
B105,2026-09-30,0.00083,0,0.1698,S,JPN,JPY,OA,N,0
B106,2026-09-30,0.6224,1,0.1698,C,ARE,USD,OA,N,0
B107,2026-09-30,0.37345,1,0.1698,C,JPN,JPY,LC_USANCE,N,0
B108,2026-09-30,0.00233,0,0.1698,S,DEU,EUR,DA,N,1
B109,2026-09-30,0.0015,0,0.1698,S,USA,USD,OA,N,0
B110,2026-09-30,0.47497,1,0.1698,C,THA,USD,DA,Y,0
B111,2026-09-30,0.00542,0,0.1698,S,CHN,CNY,LC_USANCE,N,0
B112,2026-09-30,0.00235,0,0.1698,S,JPN,JPY,OA,Y,0
B113,2026-09-30,0.00047,0,0.1698,S,CHN,CNY,OA,N,0
B114,2026-09-30,0.00042,0,0.1698,S,DEU,EUR,OA,Y,0
B115,2026-09-30,0.00838,0,0.1698,S,NLD,EUR,LC_USANCE,N,0
B116,2026-09-30,0.00226,0,0.1698,S,IDN,USD,OA,Y,0
B117,2026-09-30,0.0024,0,0.1698,S,IDN,USD,OA,Y,0
B118,2026-09-30,0.00056,0,0.1698,S,THA,USD,OA,N,0
B119,2026-09-30,0.00133,0,0.1698,S,ARE,USD,OA,N,0
B120,2026-09-30,0.0019,0,0.1698,S,CHN,CNY,OA,Y,0
B121,2026-09-30,0.00161,0,0.1698,S,DEU,EUR,OA,Y,0
B122,2026-09-30,0.00209,0,0.1698,S,TWN,USD,DA,N,0
B123,2026-09-30,0.00274,0,0.1698,S,POL,EUR,DP,Y,0
B124,2026-09-30,0.00065,0,0.1698,S,DEU,EUR,OA,Y,0
B125,2026-09-30,0.00447,0,0.1698,S,USA,USD,DA,Y,0
B126,2026-09-30,0.48049,1,0.1698,C,NLD,EUR,OA,N,0
B127,2026-09-30,0.00311,0,0.1698,S,ARE,USD,DA,Y,0
B128,2026-09-30,0.00308,0,0.1698,S,USA,USD,OA,N,0
B129,2026-09-30,0.00784,0,0.1698,S,TUR,USD,OA,Y,0
B130,2026-09-30,0.00099,0,0.1698,S,JPN,JPY,OA,N,0
B131,2026-09-30,0.00227,0,0.1698,S,IDN,USD,OA,N,0
B132,2026-09-30,0.00193,0,0.1698,S,IDN,USD,OA,N,0
B133,2026-09-30,0.00053,0,0.1698,S,USA,USD,DP,N,0
B134,2026-09-30,0.00097,0,0.1698,S,NLD,EUR,OA,Y,0
B135,2026-09-30,0.00437,0,0.1698,S,MEX,USD,DA,Y,0
B136,2026-09-30,0.001,0,0.1698,S,TWN,USD,OA,N,0
B137,2026-09-30,0.00188,0,0.1698,S,USA,USD,DA,Y,0
B138,2026-09-30,0.00346,0,0.1698,S,VNM,USD,OA,Y,0
B139,2026-09-30,0.00109,0,0.1698,S,DEU,EUR,LC_USANCE,N,0
B140,2026-09-30,0.00626,0,0.1698,S,JPN,JPY,OA,N,0
B141,2026-09-30,0.00278,0,0.1698,S,MEX,USD,OA,N,0
B142,2026-09-30,0.00082,0,0.1698,S,IND,USD,DA,N,0
B143,2026-09-30,0.00093,0,0.1698,S,IND,USD,DA,N,0
B144,2026-09-30,0.00272,0,0.1698,S,MEX,USD,OA,Y,0
B145,2026-09-30,0.0003,0,0.1698,S,IND,USD,DA,N,0
B146,2026-09-30,0.00819,0,0.1698,S,USA,USD,OA,Y,0
B147,2026-09-30,0.00199,0,0.1698,S,CHN,CNY,LC_USANCE,N,0
B148,2026-09-30,0.00404,0,0.1698,S,VNM,USD,DP,N,0
B149,2026-09-30,0.00313,0,0.1698,S,DEU,EUR,OA,N,0
B150,2026-09-30,0.00101,0,0.1698,S,CHN,CNY,DA,Y,0
