invoice_id,buyer_id,buyer_name,country_code,currency,amount_ccy,open_amount_ccy,invoice_date,due_date,payment_method,ksure_insured
INV-2507-0065,B147,"Falia Home & Lab Stores (Thailand) Co., Ltd.",THA,USD,21250,21250,2025-07-16,2025-09-14,DA,N
INV-2507-0073,B147,"Falia Home & Lab Stores (Thailand) Co., Ltd.",THA,USD,9290,9290,2025-07-18,2025-09-16,DA,N
INV-2509-0005,B147,"Falia Home & Lab Stores (Thailand) Co., Ltd.",THA,,2980,2980,2025-09-01,2025-10-31,DA,N
INV-2509-0164,B083,Oroari Industries LLC,USA,USD,2200,2200,2025-09-30,2025-11-29,OA,Y
INV-2606-0003,B048,"Changzhou Wenant Engineering Co., Ltd.",CHN,USD,8720,8720,2026-06-02,2026-07-02,OA,Y
INV-2605-0022,B075,Tovera Messtechnik GmbH,DEU,EUR,5890,4710,2026-05-04,2026-07-03,OA,Y
INV-2605-0106,B134,Camolin Instrumentación S.A. de C.V.,MEX,USD,31770,25350,2026-05-19,2026-07-18,OA,Y
INV-2607-0074,B048,"Changzhou Wenant Engineering Co., Ltd.",CHN,USD,15810,15810,2026-07-14,2026-08-13,OA,Y
INV-2608-0011,B087,Yorura Outlets Corp.,TWN,USD,8620,6034,2026-08-02,2026-09-01,TT_SPLIT_30_70,Y
INV-2607-0015,B031,Kalaro Industrial S.A. de C.V.,MEX,USD,15680,15680,2026-07-04,2026-09-02,OA,Y
INV-2606-0043,B085,Corida Trading LLC,ARE,USD,45000,40500,2026-06-10,2026-09-08,OA,Y
INV-2608-0083,B087,Yorura Outlets Corp.,TWN,usd,5000,3500,2026-08-17,2026-09-16,TT_SPLIT_30_70,Y
INV-2607-0114,B062,Galeth Instruments LLC,USA,USD,4770,720,2026-07-20,2026-09-18,OA,Y
INV-2606-0131,B022,PT Kavrendo Instrumen Nusantara,IDN,USD,20150,4330,2026-06-29,2026-09-27,OA,Y
INV-2608-0008,B148,Rovella Water Services FZE,ARE,USD,52450,36740,01/08/2026,2026-09-30,OA,N
INV-2609-0008,B059,PT Sarida Sarana Industri,IDN,USD,10990,10990,2026-09-02,2026-10-02,OA,Y
INV-2608-0023,B132,PT Quineon Instrumen Nusantara,IDN,USD,8030,8030,2026-08-05,2026-10-04,OA,Y
INV-2609-0023,B064,Belost Trading Inc.,USA,USD,36990,25893,2026-09-04,2026-10-04,TT_SPLIT_30_70,Y
INV-2609-0153,B089,Morost Automation Ltd,NGA,US$,760,760,2026-09-28,2026-10-05,LC_SIGHT,N
INV-2607-0048,B049,Lumasta Engineering LLC,ARE,USD,4820,4820,2026-07-10,2026-10-08,DA,N
INV-2607-0050,B057,"Calant Projects Co., Ltd.",VNM,USD,18490,18490,2026-07-10,2026-10-08,LC_USANCE,N
INV-2607-0065,B121,Ulida Outlets Pvt. Ltd.,IND,USD,10690,10690,2026-07-12,2026-10-10,DA,Y
INV-2608-0049,B050,Korolin Instruments LLC,USA,USD,3260,3260,2026-08-11,2026-10-10,OA,Y
INV-2609-0056,B098,Zenyn Outlets Ltd.,IND,USD,29320,29320,2026-09-10,2026-10-10,OA,Y
INV-2608-0053,B031,Kalaro Industrial S.A. de C.V.,MEX,USD,17960,17960,2026-08-12,2026-10-11,OA,Y
INV-2607-0072,B022,PT Kavrendo Instrumen Nusantara,IDN,USD,"18,460.00",18460,2026-07-14,2026-10-12,OA,Y
INV-2607-0079,B128,Briella Manufacturing plc,GBR,USD,5160,5160,2026-07-14,2026-10-12,OA,N
INV-2608-0058,B105,Zenano Shoji K.K.,JPN,JPY,1258000,1258000,2026-08-13,2026-10-12,OA,Y
INV-2608-0060,B082,Tesvirel Keisoku K.K.,JPN,JPY,1859000,1859000,2026-08-14,2026-10-13,OA,Y
INV-2608-0065,B141,Briera Messtechnik GmbH,DEU,EUR,27290,27290,2026-08-14,2026-10-13,DA,N
INV-2608-0067,B026,"Nelova Engineering (Thailand) Co., Ltd.",THA,USD,947000.00,1920,2026-08-15,2026-10-14,OA,Y
INV-2608-0069,B105,Zenano Shoji K.K.,JPN,JPY,1819000,1819000,2026-08-15,2026-10-14,OA,Y
INV-2608-0077,B141,Briera Messtechnik GmbH,DEU,EUR,"EUR 5,450",5450,2026-08-16,2026-10-15,DA,N
INV-2607-0096,B022,PT Kavrendo Instrumen Nusantara,IDN,USD,9510,9510,2026-07-18,2026-10-16,OA,Y
INV-2607-0098,B047,Corost Comercializadora S.A. de C.V.,MEX,USD,14480,14480,2026-07-18,2026-10-16,OA,Y
INV-2608-0080,B080,Lorida Shoji K.K.,JPN,JPY,3149000,3149000,2026-08-17,2026-10-16,OA,Y
INV-2607-0115,B085,Corida Trading LLC,ARE,USD,70000,63000,2026-07-20,2026-10-18,OA,Y
INV-2607-0116,B108,Nelella Distribution JSC,VNM,USD,29360,29360,2026-07-20,2026-10-18,OA,Y
INV-2607-0129,B108,Nelella Distribution JSC,VNM,USD,3650,3650,2026-07-21,2026-10-19,OA,Y
INV-2608-0098,B053,Davix Industrietechnik AG,DEU,EUR,18450,18450,2026-08-21,2026-10-20,OA,N
INV-2609-0106,B078,"Kalost Manufacturing Co., Ltd.",VNM, USD ,4190,2933,2026-09-20,2026-10-20,TT_SPLIT_30_70,N
INV-2609-0107,B098,Zenyn Outlets Ltd.,IND,USD,6770,6770,2026-09-20,2026-10-20,OA,Y
INV-2607-0146,B108,Nelella Distribution JSC,VNM,USD,13290,13290,2026-07-23,2026-10-21,OA,Y
INV-2608-0111,B140,Kalora Machinery LLC,USA,USD,13760,13760,2026-08-22,2026-10-21,OA,Y
INV-2609-0113,B086,Oroasta Handelsgesellschaft AG,DEU,EUR,2950,2065,2026-09-21,2026-10-21,TT_SPLIT_30_70,N
INV-2607-0152,B108,Nelella Distribution JSC,VNM,USD,31540,31540,2026-07-24,2026-10-22,OA,Y
INV-2609-0120,B059,PT Sarida Sarana Industri,IDN,USD,18570,18570,2026-09-23,2026-10-23,OA,Y
INV-2607-0162,B133,Oroyn Distribution LLC,USA,USD,11530,11530,2026-07-26,2026-10-24,OA,Y
INV-2607-0167,B138,"Shenzhen Gulvresko Contracting Co., Ltd.",CHN,CNY,35700,35700,2026-07-27,2026-10-25,OA,Y
INV-2607-0171,B002,"Hefei Belum Machinery Co., Ltd.",CHN,USD,9170,9170,2026-07-29,2026-10-27,OA,N
INV-2609-0154,B095,Bexura Industries S.A.E.,EGY,USD,7610,7610,2026-09-28,2026-10-28,OA,Y
INV-2608-0001,B001,Camano Meettechniek B.V.,NLD,EUR,3610,3610,2026-08-01,2026-10-30,OA,N
INV-2608-0003,B028,"Davura Kogyo Co., Ltd.",JPN,JPY,2647000,2647000,2026-08-01,2026-10-30,OA,Y
INV-2608-0006,B128,Briella Manufacturing plc,GBR,USD,7350,7350,2026-08-01,2026-10-30,OA,N
INV-2608-0151,B070,Tarolin Przemysł Sp. z o.o.,POL,EUR,7380,7380,2026-08-31,2026-10-30,OA,Y
INV-2609-0006,B053,Davix Industrietechnik AG,DEU,EUR,7280,7280,2026-09-02,2026-11-01,OA,N
INV-2609-0019,B101,Goraro Engineering Pvt. Ltd.,IND,USD, 1880 ,1880,2026-09-03,2026-11-02,DA,Y
INV-2608-0024,B096,Marova Trading Inc.,USA,usd,7930,7930,2026-08-06,2026-11-04,OA,Y
INV-2608-0027,B028,"Davura Kogyo Co., Ltd.",JPN,¥,14706000,14706000,2026-08-07,2026-11-05,OA,Y
INV-2609-0036,B123,Goreth Inżynieria Sp. z o.o.,POL,EUR,3380,3380,2026-09-06,2026-11-05,OA,Y
INV-2609-0042,B029,"Dongguan Tarella Engineering Co., Ltd.",CHN,USD,19490,19490,2026-09-07,2026-11-06,OA,Y
INV-2609-0044,B146,Ivoost Industrial Ltda.,BRA,USD,4200,4200,2026-09-07,2026-11-06,OA,N
INV-2609-0051,B101,Goraro Engineering Pvt. Ltd.,IND,USD,9510,9510,2026-09-09,2026.11.8,DA,Y
INV-2608-0061,B084,Korari Handel Sp. z o.o.,POL,EUR,3.7k,3660,2026-08-14,2026-11-12,OA,N
INV-2609-0074,B101,Goraro Engineering Pvt. Ltd.,IND,USD,18910,18910,2026-09-13,2026-11-12,DA,Y
INV-2608-0066,B005,"Xanolin Distribution Co., Ltd.",VNM,USD,7750,7750,2026-08-15,2026-11-13,OA,Y
INV-2608-0086,B086,Oroasta Handelsgesellschaft AG,DEU,EUR,5780,5780,2026-08-18,2026-11-16,OA,N
INV-2609-0090,B029,"Dongguan Tarella Engineering Co., Ltd.",CHN,USD,10550,10550,2026-09-17,2026-11-16,OA,Y
INV-2609-0091,B062,Galeth Instruments LLC,USA,USD,13490,13490,Sep 17 2026,2026-11-16,OA,Y
INV-2608-0095,B084,Korari Handel Sp. z o.o.,POL,EUR,15710,15710,2026-08-20,20261118,OA,N
INV-2609-0109,B035,"Rinella Distribution Co., Ltd.",TWN, USD ,17800,17800,2026-09-21,2026-11-20,OA,N
INV-2609-0114,B090,Calova Automation Inc.,USA,USD,7550,7550,2026-09-21,2026-11-20,OA,N
INV-2608-0118,B028,"Davura Kogyo Co., Ltd.",JPN,¥,829000,829000,2026-08-24,2026-11-22,OA,Y
INV-2609-0128,B031,Kalaro Industrial S.A. de C.V.,MEX,USD,14540,14540,2026-09-24,2026-11-23,OA,Y
INV-2608-0127,B056,Quinari Instruments Inc.,USA,USD,14750,14750,2026-08-26,2026-11-24,OA,Y
INV-2609-0132,B066,Marano Home & Lab Stores FZE,ARE,USD,12720,12720,2026-09-25,2026-11-24,DA,Y
INV-2608-0133,B043,"Changzhou Bexum Environmental Services Co., Ltd.",CHN,CNY,155200,155200,2026-08-27,2026-11-25,OA,Y
INV-2608-0135,B108,Nelella Distribution JSC,VNM,USD,4530,4530,2026-08-27,2026-11-25,OA,Y
INV-2609-0136,B029,"Dongguan Tarella Engineering Co., Ltd.",CHN,USD,33360,33360,2026-09-26,2026-11-25,OA,Y
INV-2608-0136,B009,"Suzhou Delaro Supply Co., Ltd.",CHN,CNY,317000,317000,2026-08-28,,DA,Y
INV-2609-0149,B140,Kalora Machinery LLC,USA,USD,18210,18210,2026-09-27,2026-11-26,OA,Y
INV-2609-0152,B050,Korolin Instruments LLC,USA,USD,1930,1930,2026-09-28,2026-11-27,OA,Y
INV-2609-0003,B066,Marano Home & Lab Stores FZE,ARE,USD,11700,11700,2026-09-01,2026-11-30,OA,Y
INV-2609-0012,B091,Lorion Handel B.V.,NLD,EUR,4020,4020,2026-09-02,2026-12-01,DA,Y
INV-2609-0015,B057,"Calant Projects Co., Ltd.",VNM,USD,5270,5270,2026-09-03,2026-12-02,LC_USANCE,N
INV-2609-0020,B111,"Kervuvar Retail Co., Ltd.",TWN,USD,1160,1160,2026. 9. 3.,2026-12-02,DA,N
INV-2609-0028,B128,Briella Manufacturing plc,GBR,USD,"4,540 USD",4540,2026-09-04,2026-12-03,OA,N
INV-2609-0041,B028,"Davura Kogyo Co., Ltd.",JPN,JPY,3286000,3286000,2026-09-07,2026-12-06,OA,Y
INV-2609-0062,B057,"Calant Projects Co., Ltd.",VNM,USD,1950,1950,2026-09-12,2026-12-11,LC_USANCE,N
INV-2609-0063,B086,Oroasta Handelsgesellschaft AG,DEU,euro,12260,12260,2026-09-12,2026-12-11,OA,N
INV-2609-0069,B028,"Davura Kogyo Co., Ltd.",JPN,JPY,1483000,1483000,2026-09-13,2026-12-12,OA,Y
INV-2609-0073,B096,Marova Trading Inc.,USA,USD,,950,2026-09-13,2026-12-12,OA,Y
INV-2609-0080,B057,"Calant Projects Co., Ltd.",VNM,USD,3920,3920,2026-09-15,2026-12-14,LC_USANCE,N
INV-2609-0092,B086,Oroasta Handelsgesellschaft AG,DEU,EUR,66390,66390,2026-09-17,2026-12-16,OA,N
INV-2609-0093,B028,"Davura Kogyo Co., Ltd.",JPN,JPY,932000,932000,2026-09-18,2026-12-17,OA,Y
INV-2609-0095,B108,Nelella Distribution JSC,VNM,USD,11200,11200,2026-09-18,2026-12-17,OA,Y
INV-2609-0112,B086,Oroasta Handelsgesellschaft AG,DEU,EUR,4850,4850,2026-09-21,2026-12-20,OA,N
INV-2609-0119,B121,Ulida Outlets Pvt. Ltd.,IND,USD,9900,9900,2026-09-22,2026-12-21,DA,Y
INV-2609-0140,B084,Korari Handel Sp. z o.o.,POL,EUR,10900,10900,2026-09-26,2026-12-25,OA,N
INV-2609-0150,B005,"Xanolin Distribution Co., Ltd.",VNM,USD,7160,7160,2026-09-28,2026-12-27,OA,Y
INV-2608-0086,B086,Oroasta Handelsgesellschaft AG,DEU,EUR,5780,5780,2026-08-18,2026-11-16,OA,N
