q_id,question,expected_answer,gold_ids,gold_articles,source_doc,source_clause,type,eval_type,grading_rubric
Q01,중소기업이 단기수출보험(선적후)에 가입하면 부보율은?,"중소기업 100%(중견기업 97.5%, 대기업 95%). 국별인수방침상 부보율이 더 낮으면 낮은 쪽을 적용한다.",KS-6,KS-6,K-SURE 단기수출보험(선적후) 약관,약관 제6조,수치,정상,100% · 중견 97.5% · 대기업 95%
Q02,보험금 청구 후 언제까지 지급되나?,청구일부터 2개월 이내에 지급한다. 공사가 추가 서류를 요구하면 그 기간만큼 늘어난다.,KS-24①,KS-24,K-SURE 단기수출보험(선적후) 약관,약관 제24조 제1항,사실,정상,2개월 · 추가 서류 기간 연장
Q03,결제기일이 2026-09-15인 O/A 건이 미결제다. 사고발생통지 기한은?,결제기일부터 1개월 이내에 서면으로 통지한다(결제기일 전에 사고 사유를 알았다면 안 날부터 1개월). 달력상 2026-10-15 무렵이며 최종 날짜는 담당자가 확인한다. 통지 여부는 사람이 결정한다.,KS-21②;HB-20③,KS-21;HB-20,K-SURE 단기수출보험(선적후) 약관 + (가상) 한빛정밀 여신관리규정,"약관 제21조 제1·2항, 규정 제20조 제3항",조건,정상,결제기일 + 1개월 · 서면 · 2026-10-15 무렵 · 사람 결정
Q04,사고통지를 늦게 하면 무조건 15/1000 위약금을 내나?,아니다. 15/1000은 통지가 늦어져 다른 수출자와 같은 수입자 사이의 추가 수출이 보험관계로 성립한 경우에 한정된다(제21조③). 일반적으로는 통지 의무를 게을리해 생긴 손실을 보상받지 못하는 면책이 핵심 위험이다(제7조②2).,KS-21③;KS-7②2,KS-21;KS-7,K-SURE 단기수출보험(선적후) 약관,"약관 제21조 제3항, 제7조 제2항 제2호",조건,정상,'아니다' · 다른 수출자 한정 · 핵심은 면책
Q05,이전 대금이 결제기일 후 35일째 미결제인 O/A 바이어에게 추가 선적하면?,"추가 선적분은 원칙적으로 면책(연속수출)이다. 사고 건 선적일부터 1년 소급 기간에 만기가 온 이전 대금이 결제기일부터 30일을 넘겨 미결제면 해당하고, 보험에 들지 않은 이전 거래도 포함한다. 예외는 신용장(L/C) 거래와 공사가 결제관행을 인정한 거래다.",KS-7①2,KS-7,K-SURE 단기수출보험(선적후) 약관,약관 제7조 제1항 제2호,조건,정상,면책 · 30일 · 1년 소급 · 미부보 포함 · L/C 예외
Q06,Q05와 같은 상황인데 신용장(L/C) 거래라면?,연속수출 면책의 예외다. 다만 L/C 서류 하자·개설은행 위험은 별도로 관리해야 한다.,KS-7①2,KS-7,K-SURE 단기수출보험(선적후) 약관,약관 제7조 제1항 제2호 단서,조건,정상,예외 · 서류 하자·개설은행 위험 별도
Q07,사내 규정상 연체 40일 바이어에게 영업본부장 승인으로 선적해도 되나?,"[규정 충돌] 사내 규정 제27조②는 45일까지 영업본부장 승인으로 선적을 허용하지만, 무신용장 거래는 결제기일 후 30일이 지난 미결 채권이 있는 상태의 추가 선적분이 면책된다(약관 제7조①2). 선적을 보류하는 것이 맞고 규정 개정이 필요하다 — 담당자 확인.",HB-27②;KS-7①2,HB-27;KS-7,(가상) 한빛정밀 여신관리규정 + K-SURE 단기수출보험(선적후) 약관,규정 제27조 제2항 ↔ 약관 제7조 제1항 제2호,충돌,충돌,두 조항 모두 인용 · 충돌 표시 · 30일 vs 45일
Q08,바이어가 최근 인보이스부터 입금 처리해 달라고 한다. 사내 규정상 가능한가?,"[규정 충돌] 사내 규정 제21조②는 영업본부장이 인정하면 지정 충당을 허용하지만, K-SURE는 당사자 합의와 관계없이 최초 결제기일 순으로 충당된 것으로 본다(L/C 제외). 원장은 결제기일 순(FIFO)으로 관리해야 연속수출·통지 기한 판단이 어긋나지 않는다 — 담당자 확인.",HB-21②;KS-31,HB-21;KS-31,(가상) 한빛정밀 여신관리규정 + K-SURE 단기수출보험(선적후) 약관,규정 제21조 제2항 ↔ 약관 제31조,충돌,충돌,두 조항 모두 인용 · 충돌 표시 · 결제기일 순 간주
Q09,바이어의 Chapter 11 신청 뉴스를 본 뒤 선적한 건도 보상되나?,보상되지 않는다(면책). 파산신청 등 신용상태가 크게 나빠진 사실을 안 뒤의 수출은 보상하지 않으므로 즉시 선적을 중단한다.,KS-7①6;HB-20④,KS-7;HB-20,K-SURE 단기수출보험(선적후) 약관 + (가상) 한빛정밀 여신관리규정,"약관 제7조 제1항 제6호, 규정 제20조 제4항",조건,정상,면책 · 인지 후 수출 · 즉시 선적 중단
Q10,중소기업이 지급지체 사고로 보험금을 청구할 수 있는 시점은?,결제기일부터 1개월이 지난 뒤(중소기업이 아니면 2개월).,KS-22,KS-22,K-SURE 단기수출보험(선적후) 약관,약관 제22조,수치,정상,1개월(일반 2개월)
Q11,분쟁 등으로 보험금 지급이 늦어질 때 가지급 한도는?,"지급 예상액의 60/100 범위(중견기업 70/100, 중소기업 80/100).",KS-25①,KS-25,K-SURE 단기수출보험(선적후) 약관,약관 제25조 제1항,수치,정상,60/100 · 중견 70 · 중소 80
Q12,보험금청구권의 소멸시효는?,3년.,KS-22의2,KS-22의2,K-SURE 단기수출보험(선적후) 약관,약관 제22조의2,수치,정상,3년
Q13,보험금을 받기 전에 일부 회수하면 언제까지 알려야 하나?,입금일부터 15영업일 이내에 공사에 알린다.,KS-23①;HB-20⑤,KS-23;HB-20,K-SURE 단기수출보험(선적후) 약관 + (가상) 한빛정밀 여신관리규정,"약관 제23조 제1항, 규정 제20조 제5항",사실,정상,15영업일
Q14,바이어와 결제기일을 60일에서 90일로 연장하기로 했다. K-SURE에 무엇을 해야 하나?,변경 사실을 10영업일 이내에 서면으로 통지한다(계약변경 통지).,KS-18;HB-20②,KS-18;HB-20,K-SURE 단기수출보험(선적후) 약관 + (가상) 한빛정밀 여신관리규정,"약관 제18조, 규정 제20조 제2항",조건,정상,10영업일 · 서면 · 계약변경 통지
Q15,사내 규정상 C등급 바이어에게 허용되는 결제조건은?,선수금 또는 신용장(L/C)만 허용된다(제한고객도 같다).,HB-10①,HB-10,(가상) 한빛정밀 여신관리규정,규정 제10조 제1항,사실,정상,선수금 · L/C만
Q16,"사내 규정상 바이어 한도 US$150,000 신규 설정의 전결권자는?","영업본부장(US$50,000 초과 US$200,000 이하).",HB-6①,HB-6,(가상) 한빛정밀 여신관리규정,규정 제6조 제1항,수치,정상,영업본부장
Q17,수출채권 대손을 세무상 인정받을 수 있는 K-SURE 관련 사유는?,한국무역보험공사로부터 회수불능으로 확인된 수출채권(법인세법 시행령 제19조의2 제1항 제7호).,LAW-CIT-19의2①7;HB-34①,LAW-CIT-19의2;HB-34,법인세법 시행령 + (가상) 한빛정밀 여신관리규정,"법인세법 시행령 제19조의2 제1항 제7호, 규정 제34조 제1항",사실,정상,회수불능 확인 · 제7호
Q18,중소기업 외상매출금은 회수기일이 얼마나 지나야 대손 사유가 되나?,회수기일이 2년 이상 지난 경우(특수관계인 채권은 제외).,LAW-CIT-19의2①9의2;HB-34①,LAW-CIT-19의2;HB-34,법인세법 시행령 + (가상) 한빛정밀 여신관리규정,"법인세법 시행령 제19조의2 제1항 제9호의2, 규정 제34조 제1항",수치,정상,2년 · 특수관계인 제외
Q19,UCP 600 제14조의 서류심사 기간은?,제공 문서에서 확인되지 않습니다. (ICC 문서는 AI 이용 금지로 코퍼스에서 뺐다),,,없음(코퍼스 밖),—,기권,함정,기권 문구 그대로 · 추측 금지
Q20,K-SURE 개별보험에서 B등급 수입자·90일 조건의 보험요율은?,제공 문서에서 확인되지 않습니다. (요율표는 공개되지 않는다),,,없음(코퍼스 밖),—,기권,함정,기권 문구 그대로 · 추측 금지
