buyer_id,buyer_name,country,country_code,region,industry,segment,buyer_type,payment_terms_raw,ar_balance,ar_currency,max_dpd_days,overdue_amount,pay_score,oecd_crc,ksure_insured,since_date,fin_summary_text,revenue_usd_fy2025,current_ratio_fy2025,debt_to_equity_fy2025,dso_fy2025,op_margin_fy2025
B001,Camano Meettechniek B.V.,Netherlands,NLD,서유럽,epc_contractor,private,PRIVATE,T/T 90 DAYS AFTER B/L,23730,EUR,0,0,,-,N,2013.12.9,Revenue rose 2% YoY to USD 6.8M; operating margin 11.8%.,6846000,1.631,0.6007,34.76,0.1183
B002,"Hefei Belum Machinery Co., Ltd.",China,CHN,동아시아,oem_manufacturer,private,PRIVATE,  OA90,"USD 10,070",USD,0,0,79,2,N,2020-09-14,Revenue rose 13% YoY to USD 8.2M; operating margin 6.7%.,8185000,1.7722,1.0233,41.7,0.0672
B003,PT Delyn Instrumen Nusantara,Indonesia,IDN,동남아·남아,oem_manufacturer,private,PRIVATE,D/A 90,0,USD,0,0,78,3,N,Jun 27 2018,Revenue fell 2% YoY to USD 5.3M; operating loss (-5.2% margin). Some line items were not disclosed.,5343000,1.446,,80.68,-0.052
B004,Eldum Automation S.A.E.,Egypt,EGY,중동·아프리카,oem_manufacturer,private,PRIVATE,Confirmed L/C at sight,0,USD,0,0,,6,N,Jun 20 2024,Revenue rose 9% YoY to USD 73.9M; operating margin 7.2%.,73932000,2.1786,1.323,30.31,0.0723
B005,"Xanolin Distribution Co., Ltd.",Vietnam,VNM,동남아·남아,distributor,private,PRIVATE,  T/T 90 days after B/L,346360,usd,13,19920,71,3,Y,2023.7.21,Revenue rose 11% YoY to USD 204.9M; operating margin 13.4%. Some line items were not disclosed.,204875000,,0.9715,31.33,0.1337
B006,Zarum Machinery Sdn. Bhd.,Malaysia,MYS,동남아·남아,oem_manufacturer,private,PRIVATE,O/A 30,0,USD,0,0,,2,Y,29/04/2014,FY2025 financial statements not received.,,,,,
B007,Quineth Handel B.V.,Netherlands,NLD,서유럽,distributor,private,PRIVATE,O/A 90,,EUR,0,0,60,-,Y,Jan 20 2017,Revenue rose 14% YoY to USD 27.5M; operating margin 6.3%.,27528000,2.3736,0.4913,55.17,0.0631
B008,Uleon Anlagenbau GmbH,Germany,DEU,서유럽,oem_manufacturer,private,PRIVATE,60 days O/A ,,EUR,31,약 7천,82,-,Y,13/07/2025,Revenue rose 8% YoY to USD 14.1M; operating margin 8.4%.,14083000,1.3349,1.6475,56.58,0.0836
B009,"Suzhou Delaro Supply Co., Ltd.",China,CHN,동아시아,distributor,private,PRIVATE,D/A 90,385600,CNY,0,0,,2,Y,2014-03-06,Revenue fell 4% YoY to USD 25.1M; operating margin 2.4%.,25116000,1.0375,5.7625,82.02,0.0236
B010,Gorion Handel Sp. z o.o.,Poland,POL,중동부유럽,retail,private,PRIVATE,TT,0,EUR,0,0,,-,N,2021.7.19,Revenue rose 1% YoY to USD 5.9M; operating margin 0.4%.,5926000,1.1533,2.7635,70.89,0.0035
B011,Fenolin Utilities Ltd.,India,IND,동남아·남아,utility,private,PRIVATE,Confirmed L/C at sight,0,USD,0,0,,3,N,May 29 2017,Revenue rose 8% YoY to USD 7.7M. Some line items were not disclosed.,7731000,1.1832,4.8318,,
B012,PT Varasta Sarana Industri,Indonesia,IDN,동남아·남아,oem_manufacturer,private,PRIVATE,DP sight,0,USD,0,0,79,3,N,2014-08-15,Revenue fell 5% YoY to USD 10.5M; operating loss (-9.8% margin). Current ratio below 1.0 (0.96). Some line items were not disclosed.,10451000,0.9616,2.6465,,-0.0977
B013,"Tianjin Wenum Manufacturing Co., Ltd.",China,CHN,동아시아,oem_manufacturer,private,PRIVATE,100% T/T before shipment,0,US$,0,0,,2,N,May 6 2023,Revenue fell 27% YoY to USD 46.5M; operating loss (-24.9% margin). Shareholders' equity is negative. Auditor flagged going-concern uncertainty.,46504000,0.36,-7.2235,86,-0.2487
B014,Briion Projects Corp.,United States,USA,북미·중남미,epc_contractor,private,PRIVATE,usance l/c 90 days,29910,USD,0,0,,-,N,22/07/2017,Revenue fell 3% YoY to USD 148.0M; operating margin 7.5%.,148025000,1.6759,0.5598,51.68,0.0754
B015,"Pelant Automation Co., Ltd.",Taiwan,TWN,동아시아,oem_manufacturer,private,PRIVATE,D/A 90,7680,USD,0,0,74,2,N,01/06/2021,Revenue fell 23% YoY to USD 16.5M; operating margin 3.4%.,16500000,1.4218,1.0032,48.73,0.0342
B016,Galova Machinery Ltd.,India,IND,동남아·남아,oem_manufacturer,private,PRIVATE,신용장 일람불,0,USD,0,0,,3,N,2014-11-19,FY2025 financial statements not received.,,,,,
B017,Corasta Instruments S.A.E.,Egypt,EGY,중동·아프리카,distributor,private,PRIVATE,o/a 90,0,USD,0,0,70,6,N,2015-01-29,Revenue rose 0% YoY to USD 5.5M. Some line items were not disclosed.,5495000,1.1668,0.8533,66.16,
B018,Corari Industrie B.V.,Netherlands,NLD,서유럽,oem_manufacturer,private,PRIVATE,O/A 30,2220,EUR,0,0,80,-,Y,Oct 7 2018,Revenue rose 15% YoY to USD 31.9M; operating loss (-2.0% margin).,31866000,1.5314,1.8108,69.85,-0.0199
B019,Saryn Machinery Inc.,United States,USA,북미·중남미,oem_manufacturer,private,PRIVATE,D/A 90 days,0,USD,0,0,74,-,Y,25/01/2015,Revenue fell 5% YoY to USD 13.3M; operating margin 12.5%. Some line items were not disclosed.,13268000,1.8875,1.2413,,0.1246
B020,Velida Machinery Est.,Saudi Arabia,SAU,중동·아프리카,oem_manufacturer,private,PRIVATE,T/T 30/70,0,USD,0,0,,2,Y,01/12/2019,Revenue rose 12% YoY to USD 16.2M; operating loss (-6.3% margin).,16153000,1.1525,5.1695,106.72,-0.0632
B021,"Xiamen Rinant Engineering Co., Ltd.",China,CHN,동아시아,epc_contractor,private,PRIVATE,Open account 60 days,538300,CNY,0,0,83,2,N,2016-01-20,Revenue rose 14% YoY to USD 49.4M; operating margin 4.3%. Some line items were not disclosed.,49384000,1.2798,0.8295,,0.0432
B022,PT Kavrendo Instrumen Nusantara,Indonesia,IDN,동남아·남아,,private,PRIVATE,open acct 90d,"72,360",USD,3,4330,79,3,Y,Jan 17 2020,Revenue of USD 169.3M; operating margin 8.7%.,169300000,1.3591,1.252,35.86,0.0868
B023,PT Morora Teknik Indonesia,Indonesai,IDN,동남아·남아,distributor,private,PRIVATE,D/A 90 days,22410,USD,0,0,78,3,Y,2012-03-21,FY2025 financial statements not received.,,,,,
B024,Praum Outlets Inc.,United States,USA,북미·중남미,retail,private,PRIVATE,O/A 30,0,USD,0,0,77,-,Y,2012-12-01,Revenue of USD 10.9M; operating margin 8.7%.,10854000,1.1433,2.599,80.51,0.0866
B025,Junant Anlagenbau AG,Germany,DEU,서유럽,epc_contractor,private,PRIVATE,T/T 60 DAYS AFTER B/L,1370,EUR,0,0,79,-,Y,2022-06-29,Revenue fell 8% YoY to USD 5.4M. Some line items were not disclosed.,5387000,2.1219,0.7072,59.08,
B026,"Nelova Engineering (Thailand) Co., Ltd.",Thailand,THA,동남아·남아,epc_contractor,private,PRIVATE,O/A 60,4860,USD,0,0,82,3,Y,2013-05-09,FY2025 financial statements not received.,,,,,
B027,"Ralant Water Services Co., Ltd.",Vietnma,VNM,동남아·남아,utility,private,PRIVATE,T/T in advance,0,usd,0,0,,3,N,2023-05-06,FY2025 financial statements not received.,,,,,
B028,"Davura Kogyo Co., Ltd.",Japan,JPN,동아시아,distributor,private,PRIVATE,Net 90 ,35491000,JPY,0,0,83,-,Y,2018-03-06,Revenue rose 9% YoY to USD 160.7M; operating margin 13.7%.,160688000,1.738,0.5585,38.16,0.1375
B029,"Dongguan Tarella Engineering Co., Ltd.",China,CHN,동아시아,epc_contractor,private,PRIVATE,Open account 60 days,88940,USD,0,0,59,2,Y,Jun 20 2017,Revenue fell 20% YoY to USD 437.3M; operating margin 10.2%.,437297000,1.2413,2.1817,86.79,0.1023
B030,Calaro Endüstriyel Ölçüm A.Ş.,Türkiye,TUR,중동부유럽,epc_contractor,private,PRIVATE,T/T 60 days after B/L,0,usd,0,0,80,5,N,2012.9.20,Revenue fell 0% YoY to USD 45.0M; operating loss (-8.2% margin). Current ratio below 1.0 (0.73). Some line items were not disclosed.,45005000,0.728,,104.29,-0.0825
B031,Kalaro Industrial S.A. de C.V.,Mexico,MEX,북미·중남미,oem_manufacturer,private,PRIVATE,T/T 60days,70120,USD,36,19200,77,3,Y,2024.10.4,Revenue rose 1% YoY to USD 243.2M; operating margin 7.5%. Some line items were not disclosed.,243199000,,,60.53,0.0755
B032,Nilora Water & Wastewater Authority,Egypt,EGY,중동·아프리카,public_agency,public,EM_GOV,Net 30 days after receipt of invoice,0,US$,0,0,80,6,Y,2019-04-10,Revenue rose 7% YoY to USD 138.8M. Some line items were not disclosed.,138829000,,1.899,,
B033,Calum Contracting JSC,Vietnam,VNM,동남아·남아,epc_contractor,private,PRIVATE,Confirmed L/C at sight,0,USD,0,0,,3,N,2020.10.6,Revenue rose 6% YoY to USD 21.4M. Some line items were not disclosed.,21381000,2.1223,,,
B034,Helvara Humanitarian Supply Agency,Germany,DEU,서유럽,public_agency,public,UN,Net 30 days after receipt of invoice,10080,EUR,0,0,77,-,N,2025-11-02,Revenue fell 6% YoY to USD 359.1M; operating margin 11.8%.,359145000,2.1808,0.4081,43.36,0.1184
B035,"Rinella Distribution Co., Ltd.",Taiwan,TWN,동아시아,distributor,private,PRIVATE,T/T in advance,"17,800",USD,0,0,,2,N,10/11/2017,Revenue rose 16% YoY to USD 18.0M; operating loss (-1.7% margin). Some line items were not disclosed.,17999000,,2.1336,74.71,-0.0174
B036,Quinano Trading JSC,Vietnam,VNM,동남아·남아,distributor,private,PRIVATE,TT,0,USD,0,0,78,3,N,2023-06-16,FY2025 financial statements not received.,,,,,
B037,Bexova Industries Est.,KSA,SAU,중동·아프리카,oem_manufacturer,private,PRIVATE,DA90,,usd,0,0,76,2,Y,02/10/2016,Revenue rose 9% YoY to USD 48.0M; operating margin 7.9%. Current ratio below 1.0 (0.73).,47961000,0.7327,0.9712,49.46,0.079
B038,Varix Anlagenbau GmbH,Germany,DEU,서유럽,retail,private,PRIVATE,tt,0,EUR,0,0,,-,N,2023.5.16,Revenue rose 3% YoY to USD 6.6M; operating loss (-5.3% margin).,6552000,1.0521,4.6103,98.1,-0.0534
B039,Zaryn Industries Est.,Saudi Arabia,SAU,중동·아프리카,oem_manufacturer,private,PRIVATE,"30% T/T advance, 70% within 30 days after B/L",0,USD,0,0,72,2,N,2025-11-01,Revenue fell 7% YoY to USD 7.4M; operating margin 6.8%. Some line items were not disclosed.,7402000,1.2788,2.0451,,0.0675
B040,Loreth Environmental Services Ltd.,India,IND,동남아·남아,utility,private,PRIVATE,Usance L/C 90 days,49.2k,USD,0,0,,3,N,15/08/2014,Revenue rose 9% YoY to USD 64.7M. Some line items were not disclosed.,64727000,1.4618,2.4389,93.82,
B041,Davant Endüstriyel Ölçüm Ltd. Şti.,Türkiye,TUR,중동부유럽,oem_manufacturer,private,PRIVATE,30 DAYS OPEN ACCOUNT,42560,USD,3,"USD 11,210",78,5,Y,24/05/2017,Revenue rose 10% YoY to USD 48.1M; operating margin 2.9%.,48147000,1.3482,5.0671,73.08,0.0291
B042,Velix Comércio Ltda.,Brazil,BRA,북미·중남미,,private,PRIVATE,T/T in advance,0,US$,0,0,,4,N,15/11/2012,Revenue fell 15% YoY to USD 5.5M. Some line items were not disclosed.,5456000,,,97.54,
B043,"Changzhou Bexum Environmental Services Co., Ltd.",China,CHN,동아시아,utility,private,PRIVATE,t/t 90 days after b/l,168600,CNY,0,0,69,2,Y,2022-10-24,Revenue rose 18% YoY to USD 7.8M; operating margin 6.6%.,7825000,1.3501,0.7503,64.51,0.0661
B044,"Quinasta Manufacturing (Thailand) Co., Ltd.",Thailand,THA,동남아·남아,oem_manufacturer,private,PRIVATE,D/A 90 days,13330,USD,355,"13,330",,3,N,2020-09-07,Revenue rose 23% YoY to USD 13.0M; operating margin 0.0%. Some line items were not disclosed.,12956000,,,123.31,0.0004
B045,Wenora General Trading FZCO,United Arab Emirates,ARE,중동·아프리카,retail,private,PRIVATE,O/A60,0,USD,0,0,75,2,Y,2017.1.19,Revenue rose 4% YoY to USD 14.9M. Some line items were not disclosed.,14928000,1.183,1.1107,59.12,
B046,Interagency Water Relief Office,United States,USA,북미·중남미,public_agency,public,UN,Net 30 days after receipt of invoice,0,USD,0,0,71,-,N,Jul 16 2019,Revenue rose 3% YoY to USD 256.7M; operating margin 9.5%.,256707000,1.5172,0.3802,37.05,0.0954
B047,Corost Comercializadora S.A. de C.V.,Mexico,MEX,북미·중남미,retail,private,PRIVATE,O/A 90 ,54540,USD,48,27300,76,3,Y,2016.3.10,FY2025 financial statements not received.,,,,,
B048,"Changzhou Wenant Engineering Co., Ltd.",China,CHN,동아시아,epc_contractor,private,PRIVATE,O/A30,24530,USD,90일,"24,530",,2,Y,Dec 2 2019,Revenue fell 17% YoY to USD 58.3M; operating loss (-23.6% margin). Shareholders' equity is negative. Auditor flagged going-concern uncertainty.,58284000,0.36,-4.2645,86,-0.2363
B049,Lumasta Engineering LLC,United Arab Emirates,ARE,중동·아프리카,epc_contractor,private,PRIVATE,D/A 90,50700,US$,61,2820,70,2,N,2020-11-13,Revenue fell 0% YoY to USD 290.2M; operating margin 3.9%.,290244000,1.3081,2.8987,66.44,0.0387
B050,Korolin Instruments LLC,U.S.A,USA,북미·중남미,distributor,private,PRIVATE,T/T 60 days after B/L,70360,usd,0,0,67,-,Y,2016-06-16,Revenue rose 6% YoY to USD 36.0M; operating margin 7.0%.,36022000,1.9284,1.4149,62.9,0.0705
B051,Dorora Engineering Inc.,United States,USA,북미·중남미,epc_contractor,private,PRIVATE,OA 90 days,0,USD,0,0,61,-,N,Oct 26 2025,Revenue rose 23% YoY to USD 102.2M; operating margin 7.7%.,102155000,1.5084,1.3483,65.44,0.0771
B052,Mekora Water Infrastructure PMU,Vietnam,VNM,동남아·남아,public_agency,public,MDB,LC at sight ,0,USD,0,0,,3,N,May 16 2013,Revenue fell 7% YoY to USD 167.2M; operating margin 10.3%.,167235000,1.3405,2.2583,60.99,0.1026
B053,Davix Industrietechnik AG,Germany,DEU,서유럽,utility,private,PRIVATE,  O/A 60,71550,EUR,0,0,,-,N,2019.1.22,Revenue fell 4% YoY to USD 258.1M; operating margin 3.5%.,258078000,1.4617,2.5688,81.48,0.0348
B054,Waterschap Velmar-Oost,Netherlands,NLD,서유럽,public_agency,public,DM_GOV,Net 30 days after receipt of invoice,0,EUR,0,0,,-,Y,2024-07-17,Revenue rose 7% YoY to USD 411.7M; operating margin 12.9%.,411694000,1.67,0.3774,31.63,0.129
B055,Tulvarra Water Services LLC,United States,USA,북미·중남미,utility,private,PRIVATE,OA 60 days,0,USD,0,0,25,-,Y,2025-01-29,FY2025 financial statements not received.,,,,,
B056,Quinari Instruments Inc.,United States,USA,북미·중남미,,private,PRIVATE,OA90,50380,USD,0,0,76,-,Y,2021-07-25,Revenue rose 8% YoY to USD 8.1M; operating margin 10.0%.,8052000,1.2621,0.7235,55.48,0.1
B057,"Calant Projects Co., Ltd.",Vietnam,VNM,동남아·남아,epc_contractor,private,PRIVATE,L/C 90 days,137350,USD,0,0,,3,N,2025.9.24,Revenue rose 15% YoY to USD 46.7M; operating margin 6.8%.,46739000,1.0522,1.4712,72.2,0.0684
B058,Jemsolka Supply Sdn. Bhd.,Malaysia,MYS,동남아·남아,distributor,private,PRIVATE,OA 30 days,0,USD,-,0,82,2,N,2024-07-26,FY2025 financial statements not received.,,,,,
B059,PT Sarida Sarana Industri,Indonesia,IDN,동남아·남아,oem_manufacturer,private,PRIVATE,O/A 30,40560,USD,70,4980,80,3,Y,2025-01-30,Revenue rose 5% YoY to USD 48.9M; operating loss (-5.0% margin). Current ratio below 1.0 (0.78).,48891000,0.7767,2.3297,76.37,-0.0505
B060,PT Korida Instrumen Nusantara,Indonesia,IDN,동남아·남아,oem_manufacturer,private,PRIVATE,tt,0,US$,0,0,,3,N,May 20 2023,FY2025 financial statements not received.,,,,,
B061,Ulia Projects Pvt. Ltd.,India,IND,동남아·남아,,private,PRIVATE,DA60,0,usd,0,0,81,3,N,Apr 14 2018,Revenue rose 10% YoY to USD 21.2M. Some line items were not disclosed.,21218000,2.0769,2.5709,82.12,
B047,Corost Comercializadora S.A. de C.V.,Mexico,MEX,북미·중남미,retail,private,PRIVATE,O/A 90 ,54540,USD,48,27300,76,3,Y,2016.3.10,FY2025 financial statements not received.,,,,,
B062,Galeth Instruments LLC,United States,USA,북미·중남미,distributor,private,PRIVATE,Net 60,35660,USD,12,18310,80,-,Y,2024-11-18,Revenue rose 11% YoY to USD 105.5M; operating margin 9.4%. Some line items were not disclosed.,105519000,,1.4445,71.16,0.0943
B063,"Tianjin Corolin Outlets Co., Ltd.",China,CHN,동아시아,retail,private,PRIVATE,T/T in advance,0,CNY,0,0,,2,N,11/04/2013,Revenue rose 9% YoY to USD 7.8M; operating margin 0.7%.,7780000,1.5264,3.7475,122.5,0.0068
B064,Belost Trading Inc.,United States,USA,북미·중남미,distributor,private,PRIVATE,T/T 30/70,27216,USD,0,0,78,-,Y,2015.7.9,Revenue fell 14% YoY to USD 437.4M; operating margin 10.6%.,437380000,1.9739,0.5995,58.34,0.1062
B065,Indavara Rural Water Programme PIU,Inida,IND,동남아·남아,public_agency,public,MDB,irrevocable l/c at sight,0,USD,0,0,,3,N,2024-04-11,Revenue of USD 218.1M; operating margin 10.9%. Some line items were not disclosed.,218133000,,,,0.1091
B066,Marano Home & Lab Stores FZE,United Arab Emirates,ARE,중동·아프리카,retail,private,PRIVATE,D/A 60,80550,USD,확인중,"USD 10,610",73,2,Y,25/07/2015,Revenue fell 2% YoY to USD 166.2M; operating margin 6.7%. Some line items were not disclosed.,166249000,1.1868,,37.87,0.0671
B067,Briano Instrumentação S.A.,Brazil,BRA,북미·중남미,retail,private,PRIVATE,D/P,0,USD,0,0,80,4,N,2018-03-25,FY2025 financial statements not received.,,,,,
B068,"Belion Automation (Thailand) Co., Ltd.",Thailand,THA,동남아·남아,oem_manufacturer,private,PRIVATE,Net 60,약 11만9천,USD,0,0,68,3,N,2025.9.10,Revenue rose 31% YoY to USD 656.8M; operating margin 6.1%. Some line items were not disclosed.,656839000,,3.0522,70.07,0.0613
B069,Vasbrelko Machinery LLC,United Arab Emirates,ARE,중동·아프리카,oem_manufacturer,private,PRIVATE,T/T 60days,0,USD,0,0,,2,N,17/08/2023,FY2025 financial statements not received.,,,,,
B070,Tarolin Przemysł Sp. z o.o.,Poland,POL,중동부유럽,oem_manufacturer,private,PRIVATE,T/T 60days,7380,EUR,0,0,78,-,Y,Nov 14 2019,Revenue fell 19% YoY to USD 34.8M; operating margin 7.2%.,34816000,1.5278,1.8168,96.55,0.0723
B071,"Briost Engineering Co., Ltd.",Taiwan,TWN,동아시아,epc_contractor,private,PRIVATE,O/A60,65000,USD,269,65000,,2,Y,Jun 27 2020,Revenue fell 18% YoY to USD 51.3M; operating margin turned negative (-5.2%). Current ratio below 1.0 (0.75).,51338000,0.7455,2.0398,122.69,-0.0518
B072,Halano Handelsgesellschaft GmbH,Germany,DEU,서유럽,distributor,private,PRIVATE,O/A 30,8490,EUR,0,0,,-,N,2025.2.5,Revenue fell 6% YoY to USD 22.7M; operating margin 1.9%.,22733000,1.2085,2.1859,66.6,0.019
B073,Praix Industrial Ltda.,Brazil,BRA,북미·중남미,utility,private,PRIVATE,O/A 30,48270,USD,19,48.3k,75,4,N,Feb 24 2022,Revenue rose 6% YoY to USD 61.2M; operating margin 3.7%.,61234000,1.4512,1.8159,69.74,0.0368
B074,Corant Projects Sdn. Bhd.,Malaysia,MYS,동남아·남아,epc_contractor,private,PRIVATE,T/T 30 days after B/L,0,USD,0,0,80,2,N,12/01/2018,Revenue fell 0% YoY to USD 41.4M; operating margin 2.5%.,41388000,1.0855,2.3661,105.61,0.0252
B075,Tovera Messtechnik GmbH,Germany,DEU,서유럽,distributor,private,PRIVATE,OA 60 DAYS,4710,EUR,89,4710,,-,Y,2022-07-10,Revenue fell 20% YoY to USD 39.4M; operating margin 10.8%. Some line items were not disclosed.,39424000,,,,0.108
B076,Dorura Handel Sp. z o.o.,Poland,POL,중동부유럽,oem_manufacturer,private,PRIVATE,OA 60 days,0,EUR,0,0,85,-,Y,2021-06-20,Revenue rose 28% YoY to USD 7.6M; operating margin 15.5%. Some line items were not disclosed.,7585000,,0.5352,45.14,0.1548
B077,Briari Contracting JSC,Vietnam,VNM,동남아·남아,epc_contractor,private,PRIVATE,D/P at sight,0,USD,0,0,76,3,N,29/03/2014,Revenue rose 14% YoY to USD 14.6M; operating loss (-1.8% margin). Current ratio below 1.0 (0.92). Some line items were not disclosed.,14578000,0.9191,,146.85,-0.0181
B078,"Kalost Manufacturing Co., Ltd.",Vietnam,VNM,동남아·남아,oem_manufacturer,private,PRIVATE,T/T 30:70,7882,USD,0,0,68,3,N,Feb 18 2015,Revenue rose 5% YoY to USD 53.9M; operating margin 0.7%.,53852000,1.0277,1.7547,100.85,0.0069
B079,"Nelera Kogyo Co., Ltd.",Japan,JPN,동아시아,oem_manufacturer,private,PRIVATE,OA 60 days,6815000,¥,0,0,85,-,Y,2025-06-24,Revenue rose 5% YoY to USD 234.9M; operating margin 12.5%.,234899000,2.145,0.2813,43.68,0.1247
B080,Lorida Shoji K.K.,Japan,JPN,동아시아,distributor,private,PRIVATE,O/A 60,3149000,¥,0,0,82,-,Y,03/11/2012,Revenue rose 2% YoY to USD 40.4M; operating margin 8.0%.,40446000,1.638,0.7411,52.57,0.0801
B081,"Marida Keisoku Co., Ltd.",Japan,JPN,동아시아,distributor,private,PRIVATE,L/C 60 days,0,JPY,0,0,,-,N,2024-12-01,FY2025 financial statements not received.,,,,,
B082,Tesvirel Keisoku K.K.,Japan,JPN,동아시아,oem_manufacturer,private,PRIVATE,OA 60 days,6545000,JPY,0,0,74,-,Y,2020.11.17,Revenue rose 18% YoY to USD 364.4M; operating margin 3.8%.,364351000,1.7669,1.6674,69.94,0.0382
B083,Oroari Industries LLC,United States,USA,북미·중남미,oem_manufacturer,private,PRIVATE,OA 60 days,2200,USD,305,2200,,-,Y,Dec 28 2024,Revenue fell 39% YoY to USD 4.6M; operating margin turned negative (-4.3%). Current ratio below 1.0 (0.92).,4578000,0.9178,4.1549,83.95,-0.0426
B084,Korari Handel Sp. z o.o.,Poland,POL,중동부유럽,utility,private,PRIVATE,OA 90 days,34990,€,0,0,,-,N,2014-02-04,Revenue rose 8% YoY to USD 530.4M; operating margin 14.1%.,530436000,2.4413,0.4085,51.17,0.1408
B085,Corida Trading LLC,United Arab Emirates,ARE,중동·아프리카,distributor,private,PRIVATE,10% T/T advance + 90% O/A 90 days,211500,USD,22,40500,,2,Y,Mar 2 2026,Revenue of USD 48.2M; operating margin 14.6%.,48200000,2.4101,0.46,38,0.146
B086,Oroasta Handelsgesellschaft AG,Germay,DEU,서유럽,oem_manufacturer,private,PRIVATE,T/T 90 days after B/L,165085,EUR,0,0,77,-,N,2024-06-04,Revenue rose 17% YoY to USD 412.8M; operating margin 17.4%.,412770000,2.4251,1.064,57.54,0.174
B087,Yorura Outlets Corp.,Taiwan,TWN,동아시아,retail,private,PRIVATE,"30% T/T advance, 70% within 30 days after B/L",113071.61,USD,32,49854.61,78,2,Y,22/08/2015,Revenue rose 8% YoY to USD 417.6M; operating loss (-7.5% margin). Current ratio below 1.0 (0.78).,417625000,0.7813,4.0517,78.3,-0.0751
B088,Tareon Contracting LLC,United States,USA,북미·중남미,epc_contractor,private,PRIVATE,T/T in advance,0,usd,0,0,,-,N,Sep 25 2025,Revenue rose 4% YoY to USD 260.7M; operating margin 11.1%. Some line items were not disclosed.,260702000,1.1423,2.7011,,0.1113
B089,Morost Automation Ltd,Nigeria,NGA,중동·아프리카,oem_manufacturer,private,PRIVATE,Irrevocable L/C at sight,760,USD,0,0,,6,N,18/03/2016,Revenue rose 8% YoY to USD 11.1M. Some line items were not disclosed.,11100000,1.3178,1.767,129.26,
B090,Calova Automation Inc.,United States,USA,북미·중남미,oem_manufacturer,private,PRIVATE,OA 60 days,7550,USD,0,0,79,-,N,2013-08-30,Revenue rose 6% YoY to USD 8.3M; operating margin 2.1%.,8275000,1.42,2.6232,63.08,0.021
B091,Lorion Handel B.V.,Netherlands,NLD,서유럽,distributor,private,PRIVATE,  D/A 90,4.0k,EUR,0,0,75,-,Y,03/12/2025,Revenue rose 15% YoY to USD 5.7M; operating margin 9.8%.,5745000,1.7027,1.2415,66.58,0.0978
B092,Eldolin Przemysł Sp. z o.o.,Poland,POL,중동부유럽,distributor,private,PRIVATE,T/T 30/70,0,EUR,0,0,82,-,N,2019-07-21,Revenue rose 16% YoY to USD 7.6M; operating loss (-3.5% margin).,7605000,1.1524,10.4589,129.68,-0.0354
B093,Orunde State Water Board,Nigeria,NGA,중동·아프리카,public_agency,public,EM_GOV,  Net 30 days after receipt of invoice,88060,USD,0,0,69,6,Y,2019.1.9,FY2025 financial statements not received.,,,,,
B094,"Korora Manufacturing Co., Ltd.",Vietnam,VNM,동남아·남아,oem_manufacturer,private,PRIVATE,O/A 90,13030,USD,0,0,83,3,Y,Feb 11 2015,Revenue rose 2% YoY to USD 49.9M; operating margin 16.0%.,49932000,1.8514,0.9688,59.12,0.1597
B095,Bexura Industries S.A.E.,Egypt,EGY,중동·아프리카,oem_manufacturer,private,PRIVATE,O/A30,9150,USD,0,0,59,6,Y,Mar 30 2015,Revenue rose 2% YoY to USD 20.2M; operating loss (-3.2% margin). Some line items were not disclosed.,20182000,,,81.31,-0.0315
B096,Marova Trading Inc.,United States,USA,북미·중남미,distributor,private,PRIVATE,O/A 90,25450,USD,0,0,86,-,Y,Sep 24 2013,FY2025 financial statements not received.,,,,,
B097,Tahrava Water Authority,Saudi Arabia,SAU,중동·아프리카,public_agency,public,EM_GOV,Net 30 days after receipt of invoice,0,USD,0,0,80,2,Y,2017-01-23,Revenue rose 12% YoY to USD 429.7M. Some line items were not disclosed.,429741000,1.7413,1.6987,77.2,
B098,Zenyn Outlets Ltd.,India,IND,동남아·남아,retail,private,PRIVATE,T/T 30 days after B/L,70150,US$,0,0,77,3,Y,2025.4.23,Revenue rose 18% YoY to USD 249.6M; operating margin 0.7%. Current ratio below 1.0 (0.88).,249642000,0.8798,3.7488,107.95,0.0074
B099,Helura Endüstriyel Ölçüm Ltd. Şti.,Türkiye,TUR,중동부유럽,oem_manufacturer,private,PRIVATE,DA60,0,USD,0,0,,5,Y,2015-06-13,FY2025 financial statements not received.,,,,,
B100,"Falella Manufacturing (Thailand) Co., Ltd.",Thailand,THA,동남아·남아,oem_manufacturer,private,PRIVATE,T/T 30/70,0,USD,0,0,78,3,Y,2023-05-03,Revenue fell 2% YoY to USD 7.9M; operating margin 1.7%. Some line items were not disclosed.,7899000,,1.9447,70.19,0.0172
B101,Goraro Engineering Pvt. Ltd.,India,IND,동남아·남아,epc_contractor,private,PRIVATE,Documents against acceptance 60 days,50800,USD,0,0,60,3,Y,15/12/2012,Revenue fell 2% YoY to USD 149.1M; operating margin 4.6%. Current ratio below 1.0 (0.92).,149091000,0.9193,4.0888,53.49,0.0456
B102,Kalant Machinery plc,United Kingdom,GBR,서유럽,oem_manufacturer,private,PRIVATE,Open account 60 days,0,USD,0,0,73,-,Y,2019.7.3,Revenue fell 9% YoY to USD 51.3M; operating margin 11.3%.,51327000,1.7851,0.4342,61.26,0.1132
B103,Teveth Distribution Co.,Saudi Arabia,SAU,중동·아프리카,distributor,private,PRIVATE,T/T 30 days after B/L,0,USD,0,0,,2,Y,2014-05-01,FY2025 financial statements not received.,,,,,
B104,Sarant Ingeniería S.A. de C.V.,Mexico,MEX,북미·중남미,distributor,private,PRIVATE,OA 60 days,10190,US$,5,10.2k,74,3,Y,2023-12-21,Revenue fell 5% YoY to USD 8.6M; operating margin 10.7%.,8585000,2.2881,0.7409,53.23,0.1067
B094,"Korora Manufacturing Co.,Ltd",Vietnam,VNM,동남아·남아,oem_manufacturer,private,PRIVATE,O/A 90,13030,USD,0,0,83,3,Y,Feb 11 2015,Revenue rose 2% YoY to USD 49.9M; operating margin 16.0%.,49932000,1.8514,0.9688,59.12,0.1597
B105,Zenano Shoji K.K.,Japan,JPN,동아시아,oem_manufacturer,private,PRIVATE,Open account 60 days,3678000,JPY,0,0,,-,Y,2024-03-04,Revenue rose 17% YoY to USD 219.3M; operating margin 11.5%. Some line items were not disclosed.,219308000,1.2843,1.5493,,0.1145
B106,Ivoari Makina Ltd. Şti.,Türkiye,TUR,중동부유럽,distributor,private,PRIVATE,LC at sight,0,USD,0,0,,5,N,May 28 2023,Revenue fell 1% YoY to USD 40.2M. Current ratio below 1.0 (0.83). Some line items were not disclosed.,40154000,0.8292,,83.02,
B107,Gemvelund Anlagenbau GmbH,Germany,DEU,서유럽,distributor,private,PRIVATE,O/A60,"30,860",EUR,0,0,74,-,Y,2020-01-07,Revenue rose 20% YoY to USD 434.3M. Some line items were not disclosed.,434327000,1.852,0.7239,49.95,
B108,Nelella Distribution JSC,Vietnam,VNM,동남아·남아,distributor,private,PRIVATE,OA 90 days,98060,USD,0,0,78,3,Y,Jul 16 2025,Revenue fell 12% YoY to USD 411.4M; operating margin 3.4%.,411388000,1.7985,0.9736,58.5,0.0337
B109,"Ralova Home & Lab Stores Co., Ltd.",Vietnam,VNM,동남아·남아,retail,private,PRIVATE,T/T 30 days after B/L,0,USD,0,0,81,3,Y,24/06/2024,Revenue fell 1% YoY to USD 74.8M; operating margin 1.6%. Some line items were not disclosed.,74847000,1.1234,1.371,,0.0163
B110,Dorova Trading Corp.,United States,USA,북미·중남미,distributor,private,PRIVATE,T/T 90 days after B/L,24020,USD,0,0,40,-,Y,2020-03-02,Revenue rose 5% YoY to USD 75.4M; operating margin 6.5%.,75418000,1.7775,0.9836,74.51,0.0654
B111,"Kervuvar Retail Co., Ltd.",Taiwan,TWN,동아시아,retail,private,PRIVATE,d/a 90,32470,USD,0,0,76,2,N,2018-09-29,Revenue rose 8% YoY to USD 60.0M; operating loss (-4.2% margin). Current ratio below 1.0 (0.65).,60015000,0.6482,2.2924,70.49,-0.042
B112,Morasta Industrial S.A. de C.V.,Mexico,MEX,북미·중남미,oem_manufacturer,private,PRIVATE,"30% T/T advance, 70% within 30 days after B/L",0,USD,0,0,78,3,N,02/08/2016,Revenue fell 1% YoY to USD 6.5M; operating margin 12.9%. Some line items were not disclosed.,6459000,,1.7202,,0.1288
B113,Ralora Kogyo K.K.,Japan,JPN,동아시아,distributor,private,PRIVATE,O/A 90,1417000,JPY,0,0,76,-,Y,2024-03-08,Revenue rose 17% YoY to USD 34.6M; operating margin 12.5%.,34625000,1.8811,0.6644,43.3,0.1255
B114,"Quinera Keisoku Co., Ltd.",Japan,JPN,동아시아,oem_manufacturer,private,PRIVATE,OA90,0,JPY,0,0,76,-,N,08/06/2020,Revenue rose 12% YoY to USD 19.2M; operating margin 1.6%. Current ratio below 1.0 (0.95).,19218000,0.9505,0.9015,86.68,0.0157
B115,"Shenzhen Quinida Contracting Co., Ltd.",China,CHN,동아시아,epc_contractor,private,PRIVATE,D/A 60 DAYS AFTER B/L,77900,CNY,0,0,79,2,Y,2021.11.17,Revenue rose 2% YoY to USD 12.3M; operating margin 4.7%.,12269000,1.0347,1.5276,77.77,0.0469
B116,Halera Instruments Ltd,United Kingdom,GBR,서유럽,distributor,private,PRIVATE,T/T 60days,1590,USD,0,0,79,-,Y,May 17 2023,Revenue rose 1% YoY to USD 14.4M; operating margin 10.9%. Some line items were not disclosed.,14393000,2.5861,0.3022,,0.1093
B117,"Shenzhen Velari Machinery Co., Ltd.",China,CHN,동아시아,oem_manufacturer,private,PRIVATE,T/T 30 days after B/L,13050,usd,0,0,80,2,Y,2015-07-05,Revenue fell 2% YoY to USD 10.5M; operating margin 2.1%.,10461000,1.4408,1.135,86.78,0.0209
B118,Tevura Automation Inc.,US,USA,북미·중남미,oem_manufacturer,private,PRIVATE,D/A 90 days,20060,USD,27,20060,77,-,Y,2013.9.12,Revenue rose 9% YoY to USD 34.3M; operating margin 6.7%. Some line items were not disclosed.,34335000,1.9993,,64.9,0.0672
B119,Galost Automation Ltd.,India,IND,동남아·남아,oem_manufacturer,private,PRIVATE,DA90,"USD 48,780",USD,10,21910,80,3,Y,22/02/2015,Revenue of USD 37.5M; operating margin 4.5%.,37547000,1.2532,2.2531,48.3,0.0454
B114,Quinera Keisoku Co Ltd,Japan,JPN,동아시아,oem_manufacturer,private,PRIVATE,OA90,0,JPY,0,0,76,-,N,08/06/2020,Revenue rose 12% YoY to USD 19.2M; operating margin 1.6%. Current ratio below 1.0 (0.95).,19218000,0.9505,0.9015,86.68,0.0157
B120,Oroora Sangyo K.K.,Japan,JPN,동아시아,oem_manufacturer,private,PRIVATE,t/t 60 days after b/l,1805000,JPY,0,0,75,-,N,2017.7.25,Revenue rose 8% YoY to USD 7.9M; operating margin 5.7%.,7917000,1.7948,1.3761,57.68,0.0573
B121,Ulida Outlets Pvt. Ltd.,India,IND,동남아·남아,retail,private,PRIVATE,D/A 90 days,92040,USD,0,0,71,3,Y,2019-05-29,Revenue rose 9% YoY to USD 61.7M; operating margin 11.0%. Some line items were not disclosed.,61717000,1.1298,1.1743,,0.1102
B122,Velova Keisoku K.K.,Japan,JPN,동아시아,retail,private,PRIVATE,Documents against acceptance 60 days,2059000,JPY,0,0,,-,N,2013-07-27,Revenue rose 12% YoY to USD 105.8M; operating margin 7.7%. Some line items were not disclosed.,105764000,,,84.01,0.0773
B123,Goreth Inżynieria Sp. z o.o.,Poland,POL,중동부유럽,oem_manufacturer,private,PRIVATE,T/T 60days,50150,EUR,27,12840,75,-,Y,Sep 20 2016,Revenue rose 11% YoY to USD 90.8M; operating margin 10.7%. Some line items were not disclosed.,90764000,1.5381,,54.1,0.1069
B124,"Dongguan Wenura Automation Co., Ltd.",China,CHN,동아시아,oem_manufacturer,private,PRIVATE,T/T 60days,115200,CNY,0,0,81,2,N,06/07/2024,Revenue rose 5% YoY to USD 46.0M; operating margin 5.5%.,45951000,1.7448,1.1495,62.16,0.055
B125,Zarant Instrumentación S.A. de C.V.,Mexico,MEX,북미·중남미,distributor,private,PRIVATE,D/A 60 days,0,USD,0,0,81,3,Y,Feb 14 2020,Revenue rose 6% YoY to USD 57.9M; operating margin 1.9%. Some line items were not disclosed.,57889000,,,,0.0192
B126,Yoreth Manufacturing Ltd,United Kingdom,GBR,서유럽,oem_manufacturer,private,PRIVATE,Net 90,0,USD,0,0,82,-,N,2015-03-16,Revenue of USD 70.4M; operating margin 8.5%. Some line items were not disclosed.,70376000,,1.0435,76.97,0.0853
B127,"Tevella Automation Co., Ltd.",Vietnam,VNM,동남아·남아,oem_manufacturer,private,PRIVATE,d/p at sight,80140,USD,0,0,78,3,N,2016.3.13,Revenue rose 10% YoY to USD 501.4M. Current ratio below 1.0 (0.73). Some line items were not disclosed.,501391000,0.7298,4.897,,
B128,Briella Manufacturing plc,United Kingdom,GBR,서유럽,oem_manufacturer,private,PRIVATE,O/A 90,82360,USD,0,0,77,-,N,2025-05-08,Revenue rose 3% YoY to USD 371.0M; operating margin 5.0%. Some line items were not disclosed.,370973000,1.6567,0.6488,,0.0501
B129,"Xiamen Xanyn Trading Co., Ltd.",China,CHN,동아시아,distributor,private,PRIVATE,OA 30 days,0,USD,0,0,75,2,Y,2022.12.1,Revenue rose 13% YoY to USD 15.5M; operating loss (-3.9% margin). Some line items were not disclosed.,15528000,,3.7026,109.77,-0.0388
B130,Marasta Ticaret Ltd. Şti.,터키,TUR,중동부유럽,distributor,private,PRIVATE,LC AT SIGHT,0,USD,0,0,,5,N,May 13 2025,Revenue rose 5% YoY to USD 7.8M. Some line items were not disclosed.,7783000,1.1882,4.7383,,
B131,Tarera Automation Nigeria Ltd,Nigeria,NGA,중동·아프리카,oem_manufacturer,private,PRIVATE,L/C at sight ,0,USD,0,0,,6,N,Jul 12 2014,Revenue rose 5% YoY to USD 7.1M; operating margin 6.1%.,7096000,1.3365,3.6147,87.8,0.0613
B132,PT Quineon Instrumen Nusantara,Indonesia,IDN,동남아·남아,distributor,private,PRIVATE,T/T 60days,19970,USD,0,0,83,3,Y,2016-12-17,Revenue fell 2% YoY to USD 43.2M. Some line items were not disclosed.,43206000,,0.5756,41.2,
B133,Oroyn Distribution LLC,United States,USA,북미·중남미,distributor,private,PRIVATE,T/T 90 days after B/L,16360,usd,0,0,79,-,Y,18/12/2012,Revenue rose 4% YoY to USD 38.6M; operating margin 10.3%.,38565000,1.9718,0.5168,32.93,0.1026
B134,Camolin Instrumentación S.A. de C.V.,Mexico,MEX,북미·중남미,retail,private,PRIVATE,T/T 60days,93460,USD,74,59200,66,3,Y,Nov 2 2025,Revenue rose 15% YoY to USD 345.0M; operating margin 3.6%. Some line items were not disclosed.,345019000,1.1475,1.6926,,0.0358
B135,Zarix Ticaret Ltd. Şti.,Türkiye,TUR,중동부유럽,epc_contractor,private,PRIVATE,O/A30,5520000,USD,0,0,77,5,Y,Feb 21 2013,FY2025 financial statements not received.,,,,,
B136,Xanora Industrietechnik GmbH,Germany,DEU,서유럽,distributor,private,PRIVATE,DA90,0,EUR,0,0,78,-,Y,2015-05-17,Revenue fell 9% YoY to USD 10.7M; operating margin 6.0%. Current ratio below 1.0 (0.98).,10671000,0.9785,2.5692,75.8,0.0604
B137,Ivoion Distribution LLC,United Arab Emirates,ARE,중동·아프리카,distributor,private,PRIVATE,T/T in advance,0,US$,0,0,60,2,N,24/07/2021,Revenue rose 19% YoY to USD 24.7M; operating margin 6.2%.,24661000,2.5272,1.8685,51.61,0.0616
B138,"Shenzhen Gulvresko Contracting Co., Ltd.",China,CHN,동아시아,epc_contractor,private,PRIVATE,O/A 90 ,59800,CNY,0,0,,2,Y,2017-07-19,Revenue of USD 3.4M; operating margin 6.8%.,3397000,1.5472,1.4024,59.96,0.0677
B139,Varant Handelsgesellschaft AG,Germany,DEU,서유럽,oem_manufacturer,private,PRIVATE,D/A 90 days,37730,EUR,0,0,81,-,Y,2012-04-01,Revenue rose 7% YoY to USD 26.1M; operating margin 6.9%.,26122000,1.2735,2.4401,91.83,0.0686
B140,Kalora Machinery LLC,United States,USA,북미·중남미,oem_manufacturer,private,PRIVATE,T/T 60 days after B/L,139350,USD,27,23290,80,-,Y,2013.6.17,Revenue fell 10% YoY to USD 232.2M. Some line items were not disclosed.,232218000,1.4653,1.1066,59.63,
B141,Briera Messtechnik GmbH,Germany,DEU,서유럽,oem_manufacturer,private,PRIVATE,DA60,32740,EUR,0,0,78,-,N,12/07/2025,Revenue rose 16% YoY to USD 525.1M; operating margin 16.2%.,525147000,1.6684,0.2695,45.23,0.162
B142,Peleth Instruments Ltd.,India,IND,동남아·남아,distributor,private,PRIVATE,T/T 30 days after B/L,0,USD,0,0,,3,Y,06/05/2012,Revenue rose 10% YoY to USD 10.9M; operating loss (-4.2% margin).,10933000,1.1517,2.3297,84.1,-0.0419
B143,Nelost Industries Sdn. Bhd.,Malaysia,MYS,동남아·남아,oem_manufacturer,private,PRIVATE,Net 60,0,USD,0,0,80,2,Y,2020-07-22,Revenue fell 12% YoY to USD 94.4M; operating margin 10.1%.,94416000,1.6341,0.8819,40.82,0.1009
B144,Camost Ticaret Ltd. Şti.,Turkey,TUR,중동부유럽,distributor,private,PRIVATE,T/T 60 days after B/L,25040,USD,15,"1,840",72,5,N,Jun 1 2019,Revenue rose 40% YoY to USD 161.5M. Some line items were not disclosed.,161485000,1.802,0.6534,38.13,
B145,Varano Home & Lab Stores plc,United Kingdom,GBR,서유럽,retail,private,PRIVATE,100% T/T before shipment,0,USD,0,0,76,-,N,2020-03-13,Revenue rose 5% YoY to USD 98.5M. Some line items were not disclosed.,98473000,1.6111,1.4326,50.99,
B146,Ivoost Industrial Ltda.,Brazil,BRA,북미·중남미,,private,PRIVATE,OA 60 days,8570,USD,0,0,79,4,N,2020.12.8,Revenue rose 4% YoY to USD 19.5M; operating margin 1.7%. Some line items were not disclosed.,19471000,,2.3715,,0.0173
B147,"Falia Home & Lab Stores (Thailand) Co., Ltd.",Thailand,THA,동남아·남아,retail,private,PRIVATE,D/A 60 days ,33520,usd,381 days,33520,,3,N,2014.9.11,Revenue fell 2% YoY to USD 25.2M; operating margin 4.5%. Some line items were not disclosed.,25202000,,1.5092,94.07,0.0452
B148,Rovella Water Services FZE,United Arab Emirates,ARE,중동·아프리카,utility,private,PRIVATE,T/T 60DAYS,88190,USD,0,0,78,2,N,21/07/2023,Revenue rose 17% YoY to USD 237.4M; operating margin 9.4%.,237446000,1.7138,0.7394,54.23,0.0938
B149,"Changzhou Briasta Distribution Co., Ltd.",China,CHN,동아시아,distributor,private,PRIVATE,OPEN ACCT 90D,10966,USD,0,0,,2,Y,02/06/2016,Revenue rose 17% YoY to USD 44.8M; operating margin 9.3%.,44808000,1.9034,1.3226,50.26,0.0931
B150,Yorova Machinery plc,United Kingdom,GBR,서유럽,oem_manufacturer,private,PRIVATE,O/A 30,0,USD,0,0,76,-,Y,2022.9.25,Revenue rose 20% YoY to USD 8.9M; operating margin 3.4%.,8930000,1.0423,1.5159,95.64,0.0342
