date,usd_krw,eur_krw,cny_krw,jpy100_krw,source
2025-07-17,1391.04,1613.19,193.65,936.41,FRED H.10 (DEXKOUS·DEXUSEU·DEXCHUS·DEXJPUS) KRW cross
2025-07-18,1390.29,1618.99,193.7,935.91,FRED H.10 (DEXKOUS·DEXUSEU·DEXCHUS·DEXJPUS) KRW cross
2025-07-21,1381.22,1616.72,192.48,937.88,FRED H.10 (DEXKOUS·DEXUSEU·DEXCHUS·DEXJPUS) KRW cross
2025-07-22,1381.58,1623.22,192.56,943.96,FRED H.10 (DEXKOUS·DEXUSEU·DEXCHUS·DEXJPUS) KRW cross
2025-07-23,1375.38,1615.8,192.09,938.51,FRED H.10 (DEXKOUS·DEXUSEU·DEXCHUS·DEXJPUS) KRW cross
2025-07-24,1371.0,1612.98,191.64,933.16,FRED H.10 (DEXKOUS·DEXUSEU·DEXCHUS·DEXJPUS) KRW cross
2025-07-25,1382.92,1622.17,192.93,935.86,FRED H.10 (DEXKOUS·DEXUSEU·DEXCHUS·DEXJPUS) KRW cross
2025-07-28,1388.21,1611.57,193.4,935.14,FRED H.10 (DEXKOUS·DEXUSEU·DEXCHUS·DEXJPUS) KRW cross
2025-07-29,1390.63,1603.95,193.76,936.01,FRED H.10 (DEXKOUS·DEXUSEU·DEXCHUS·DEXJPUS) KRW cross
2025-07-30,1391.58,1596.14,193.45,933.51,FRED H.10 (DEXKOUS·DEXUSEU·DEXCHUS·DEXJPUS) KRW cross
2025-07-31,1396.19,1595.98,193.91,927.08,FRED H.10 (DEXKOUS·DEXUSEU·DEXCHUS·DEXJPUS) KRW cross
2025-08-01,1388.34,1604.23,192.51,937.69,FRED H.10 (DEXKOUS·DEXUSEU·DEXCHUS·DEXJPUS) KRW cross
2025-08-04,1385.71,1602.99,193.05,942.08,FRED H.10 (DEXKOUS·DEXUSEU·DEXCHUS·DEXJPUS) KRW cross
2025-08-05,1386.64,1605.73,193.03,940.16,FRED H.10 (DEXKOUS·DEXUSEU·DEXCHUS·DEXJPUS) KRW cross
2025-08-06,1384.64,1612.69,192.79,940.33,FRED H.10 (DEXKOUS·DEXUSEU·DEXCHUS·DEXJPUS) KRW cross
2025-08-07,1386.05,1613.5,193.03,940.65,FRED H.10 (DEXKOUS·DEXUSEU·DEXCHUS·DEXJPUS) KRW cross
2025-08-08,1389.7,1620.39,193.45,940.89,FRED H.10 (DEXKOUS·DEXUSEU·DEXCHUS·DEXJPUS) KRW cross
2025-08-11,1392.74,1616.55,193.75,941.1,FRED H.10 (DEXKOUS·DEXUSEU·DEXCHUS·DEXJPUS) KRW cross
2025-08-12,1385.4,1617.18,192.99,937.35,FRED H.10 (DEXKOUS·DEXUSEU·DEXCHUS·DEXJPUS) KRW cross
2025-08-13,1378.9,1615.38,192.2,936.43,FRED H.10 (DEXKOUS·DEXUSEU·DEXCHUS·DEXJPUS) KRW cross
2025-08-14,1390.59,1619.2,193.69,941.56,FRED H.10 (DEXKOUS·DEXUSEU·DEXCHUS·DEXJPUS) KRW cross
2025-08-15,1387.87,1624.92,193.25,944.13,FRED H.10 (DEXKOUS·DEXUSEU·DEXCHUS·DEXJPUS) KRW cross
2025-08-18,1387.34,1618.61,193.1,938.91,FRED H.10 (DEXKOUS·DEXUSEU·DEXCHUS·DEXJPUS) KRW cross
2025-08-19,1392.04,1623.12,193.83,942.35,FRED H.10 (DEXKOUS·DEXUSEU·DEXCHUS·DEXJPUS) KRW cross
2025-08-20,1397.7,1628.18,194.78,949.59,FRED H.10 (DEXKOUS·DEXUSEU·DEXCHUS·DEXJPUS) KRW cross
2025-08-21,1401.88,1626.88,195.27,944.98,FRED H.10 (DEXKOUS·DEXUSEU·DEXCHUS·DEXJPUS) KRW cross
2025-08-22,1381.71,1618.4,192.84,941.09,FRED H.10 (DEXKOUS·DEXUSEU·DEXCHUS·DEXJPUS) KRW cross
2025-08-25,1389.06,1621.03,194.25,941.03,FRED H.10 (DEXKOUS·DEXUSEU·DEXCHUS·DEXJPUS) KRW cross
2025-08-26,1393.52,1624.43,194.84,946.04,FRED H.10 (DEXKOUS·DEXUSEU·DEXCHUS·DEXJPUS) KRW cross
2025-08-27,1394.54,1619.2,194.94,943.85,FRED H.10 (DEXKOUS·DEXUSEU·DEXCHUS·DEXJPUS) KRW cross
2025-08-28,1384.85,1616.4,194.21,942.2,FRED H.10 (DEXKOUS·DEXUSEU·DEXCHUS·DEXJPUS) KRW cross
2025-08-29,1389.76,1625.32,194.91,946.06,FRED H.10 (DEXKOUS·DEXUSEU·DEXCHUS·DEXJPUS) KRW cross
2025-09-02,1394.76,1625.31,195.37,940.94,FRED H.10 (DEXKOUS·DEXUSEU·DEXCHUS·DEXJPUS) KRW cross
2025-09-03,1389.21,1622.04,194.53,938.85,FRED H.10 (DEXKOUS·DEXUSEU·DEXCHUS·DEXJPUS) KRW cross
2025-09-04,1394.8,1624.66,195.31,938.44,FRED H.10 (DEXKOUS·DEXUSEU·DEXCHUS·DEXJPUS) KRW cross
2025-09-05,1385.28,1628.95,194.23,943.39,FRED H.10 (DEXKOUS·DEXUSEU·DEXCHUS·DEXJPUS) KRW cross
2025-09-08,1386.29,1629.03,194.45,939.35,FRED H.10 (DEXKOUS·DEXUSEU·DEXCHUS·DEXJPUS) KRW cross
2025-09-09,1388.16,1627.34,194.94,942.85,FRED H.10 (DEXKOUS·DEXUSEU·DEXCHUS·DEXJPUS) KRW cross
2025-09-10,1386.97,1624.7,194.78,941.15,FRED H.10 (DEXKOUS·DEXUSEU·DEXCHUS·DEXJPUS) KRW cross
2025-09-11,1388.97,1629.54,195.12,943.79,FRED H.10 (DEXKOUS·DEXUSEU·DEXCHUS·DEXJPUS) KRW cross
2025-09-12,1394.06,1633.0,195.68,942.89,FRED H.10 (DEXKOUS·DEXUSEU·DEXCHUS·DEXJPUS) KRW cross
2025-09-15,1385.09,1630.53,194.57,940.51,FRED H.10 (DEXKOUS·DEXUSEU·DEXCHUS·DEXJPUS) KRW cross
2025-09-16,1381.49,1636.79,194.19,942.61,FRED H.10 (DEXKOUS·DEXUSEU·DEXCHUS·DEXJPUS) KRW cross
2025-09-17,1375.5,1629.28,193.64,939.81,FRED H.10 (DEXKOUS·DEXUSEU·DEXCHUS·DEXJPUS) KRW cross
2025-09-18,1388.51,1635.66,195.22,938.06,FRED H.10 (DEXKOUS·DEXUSEU·DEXCHUS·DEXJPUS) KRW cross
2025-09-19,1397.43,1642.4,196.43,945.3,FRED H.10 (DEXKOUS·DEXUSEU·DEXCHUS·DEXJPUS) KRW cross
2025-09-22,1392.4,1639.27,195.73,941.89,FRED H.10 (DEXKOUS·DEXUSEU·DEXCHUS·DEXJPUS) KRW cross
2025-09-23,1394.28,1645.25,196.06,943.16,FRED H.10 (DEXKOUS·DEXUSEU·DEXCHUS·DEXJPUS) KRW cross
2025-09-24,1404.7,1649.4,196.97,944.59,FRED H.10 (DEXKOUS·DEXUSEU·DEXCHUS·DEXJPUS) KRW cross
2025-09-25,1408.67,1644.34,197.46,940.49,FRED H.10 (DEXKOUS·DEXUSEU·DEXCHUS·DEXJPUS) KRW cross
2025-09-26,1410.05,1648.63,197.69,943.05,FRED H.10 (DEXKOUS·DEXUSEU·DEXCHUS·DEXJPUS) KRW cross
2025-09-29,1399.76,1641.92,196.61,942.16,FRED H.10 (DEXKOUS·DEXUSEU·DEXCHUS·DEXJPUS) KRW cross
2025-09-30,1404.63,1648.33,197.31,949.27,FRED H.10 (DEXKOUS·DEXUSEU·DEXCHUS·DEXJPUS) KRW cross
2025-10-01,1402.45,1644.09,196.97,953.01,FRED H.10 (DEXKOUS·DEXUSEU·DEXCHUS·DEXJPUS) KRW cross
2025-10-02,1406.72,1645.3,197.57,954.68,FRED H.10 (DEXKOUS·DEXUSEU·DEXCHUS·DEXJPUS) KRW cross
2025-10-03,1406.16,1651.82,197.49,954.43,FRED H.10 (DEXKOUS·DEXUSEU·DEXCHUS·DEXJPUS) KRW cross
2025-10-06,1410.47,1651.24,198.1,940.19,FRED H.10 (DEXKOUS·DEXUSEU·DEXCHUS·DEXJPUS) KRW cross
2025-10-07,1413.12,1649.68,198.47,934.79,FRED H.10 (DEXKOUS·DEXUSEU·DEXCHUS·DEXJPUS) KRW cross
2025-10-08,1424.17,1652.89,200.02,932.54,FRED H.10 (DEXKOUS·DEXUSEU·DEXCHUS·DEXJPUS) KRW cross
2025-10-09,1423.68,1645.63,199.74,930.21,FRED H.10 (DEXKOUS·DEXUSEU·DEXCHUS·DEXJPUS) KRW cross
2025-10-10,1428.39,1658.79,200.22,940.1,FRED H.10 (DEXKOUS·DEXUSEU·DEXCHUS·DEXJPUS) KRW cross
2025-10-14,1429.91,1659.84,200.31,942.16,FRED H.10 (DEXKOUS·DEXUSEU·DEXCHUS·DEXJPUS) KRW cross
2025-10-15,1423.12,1656.23,199.7,941.15,FRED H.10 (DEXKOUS·DEXUSEU·DEXCHUS·DEXJPUS) KRW cross
2025-10-16,1416.07,1651.85,198.8,939.35,FRED H.10 (DEXKOUS·DEXUSEU·DEXCHUS·DEXJPUS) KRW cross
2025-10-17,1421.89,1659.91,199.52,945.85,FRED H.10 (DEXKOUS·DEXUSEU·DEXCHUS·DEXJPUS) KRW cross
2025-10-20,1420.39,1655.61,199.51,943.22,FRED H.10 (DEXKOUS·DEXUSEU·DEXCHUS·DEXJPUS) KRW cross
2025-10-21,1430.58,1661.76,200.87,942.91,FRED H.10 (DEXKOUS·DEXUSEU·DEXCHUS·DEXJPUS) KRW cross
2025-10-22,1429.94,1660.45,200.67,942.05,FRED H.10 (DEXKOUS·DEXUSEU·DEXCHUS·DEXJPUS) KRW cross
2025-10-23,1437.25,1668.93,201.8,941.1,FRED H.10 (DEXKOUS·DEXUSEU·DEXCHUS·DEXJPUS) KRW cross
2025-10-24,1438.35,1672.23,201.98,941.21,FRED H.10 (DEXKOUS·DEXUSEU·DEXCHUS·DEXJPUS) KRW cross
2025-10-27,1432.72,1667.11,201.5,935.87,FRED H.10 (DEXKOUS·DEXUSEU·DEXCHUS·DEXJPUS) KRW cross
2025-10-28,1432.72,1670.41,201.83,941.71,FRED H.10 (DEXKOUS·DEXUSEU·DEXCHUS·DEXJPUS) KRW cross
2025-10-29,1420.83,1657.26,200.17,935.31,FRED H.10 (DEXKOUS·DEXUSEU·DEXCHUS·DEXJPUS) KRW cross
2025-10-30,1430.45,1654.17,201.2,927.84,FRED H.10 (DEXKOUS·DEXUSEU·DEXCHUS·DEXJPUS) KRW cross
2025-10-31,1428.37,1648.48,200.7,927.21,FRED H.10 (DEXKOUS·DEXUSEU·DEXCHUS·DEXJPUS) KRW cross
2025-11-03,1430.65,1649.68,200.87,928.21,FRED H.10 (DEXKOUS·DEXUSEU·DEXCHUS·DEXJPUS) KRW cross
2025-11-04,1440.22,1654.96,202.01,937.95,FRED H.10 (DEXKOUS·DEXUSEU·DEXCHUS·DEXJPUS) KRW cross
2025-11-05,1440.95,1654.93,202.21,935.01,FRED H.10 (DEXKOUS·DEXUSEU·DEXCHUS·DEXJPUS) KRW cross
2025-11-06,1449.28,1672.32,203.56,947.43,FRED H.10 (DEXKOUS·DEXUSEU·DEXCHUS·DEXJPUS) KRW cross
2025-11-07,1461.07,1691.63,205.15,954.57,FRED H.10 (DEXKOUS·DEXUSEU·DEXCHUS·DEXJPUS) KRW cross
2025-11-10,1456.34,1681.34,204.56,945.74,FRED H.10 (DEXKOUS·DEXUSEU·DEXCHUS·DEXJPUS) KRW cross
2025-11-12,1468.6,1702.4,206.5,949.69,FRED H.10 (DEXKOUS·DEXUSEU·DEXCHUS·DEXJPUS) KRW cross
2025-11-13,1465.32,1706.95,206.53,949.04,FRED H.10 (DEXKOUS·DEXUSEU·DEXCHUS·DEXJPUS) KRW cross
2025-11-14,1453.2,1688.18,204.7,939.73,FRED H.10 (DEXKOUS·DEXUSEU·DEXCHUS·DEXJPUS) KRW cross
2025-11-17,1459.71,1692.97,205.38,940.53,FRED H.10 (DEXKOUS·DEXUSEU·DEXCHUS·DEXJPUS) KRW cross
2025-11-18,1461.3,1692.04,205.6,940.11,FRED H.10 (DEXKOUS·DEXUSEU·DEXCHUS·DEXJPUS) KRW cross
2025-11-19,1467.69,1693.71,206.41,937.04,FRED H.10 (DEXKOUS·DEXUSEU·DEXCHUS·DEXJPUS) KRW cross
2025-11-20,1472.65,1698.55,207.13,935.55,FRED H.10 (DEXKOUS·DEXUSEU·DEXCHUS·DEXJPUS) KRW cross
2025-11-21,1470.84,1692.35,206.97,939.35,FRED H.10 (DEXKOUS·DEXUSEU·DEXCHUS·DEXJPUS) KRW cross
2025-11-24,1475.94,1699.99,207.82,940.45,FRED H.10 (DEXKOUS·DEXUSEU·DEXCHUS·DEXJPUS) KRW cross
2025-11-25,1468.02,1696.0,207.22,939.23,FRED H.10 (DEXKOUS·DEXUSEU·DEXCHUS·DEXJPUS) KRW cross
2025-11-26,1468.39,1702.01,207.52,938.99,FRED H.10 (DEXKOUS·DEXUSEU·DEXCHUS·DEXJPUS) KRW cross
2025-11-28,1467.65,1702.47,207.44,939.78,FRED H.10 (DEXKOUS·DEXUSEU·DEXCHUS·DEXJPUS) KRW cross
2025-12-01,1467.79,1706.01,207.56,945.25,FRED H.10 (DEXKOUS·DEXUSEU·DEXCHUS·DEXJPUS) KRW cross
2025-12-02,1469.23,1703.72,207.81,942.3,FRED H.10 (DEXKOUS·DEXUSEU·DEXCHUS·DEXJPUS) KRW cross
2025-12-03,1465.94,1709.29,207.53,944.73,FRED H.10 (DEXKOUS·DEXUSEU·DEXCHUS·DEXJPUS) KRW cross
2025-12-04,1473.22,1717.63,208.33,951.08,FRED H.10 (DEXKOUS·DEXUSEU·DEXCHUS·DEXJPUS) KRW cross
2025-12-05,1472.83,1713.64,208.33,948.38,FRED H.10 (DEXKOUS·DEXUSEU·DEXCHUS·DEXJPUS) KRW cross
2025-12-08,1469.19,1708.08,207.78,942.45,FRED H.10 (DEXKOUS·DEXUSEU·DEXCHUS·DEXJPUS) KRW cross
2025-12-09,1469.48,1710.33,208.04,936.87,FRED H.10 (DEXKOUS·DEXUSEU·DEXCHUS·DEXJPUS) KRW cross
2025-12-10,1470.2,1712.78,208.13,940.45,FRED H.10 (DEXKOUS·DEXUSEU·DEXCHUS·DEXJPUS) KRW cross
2025-12-11,1471.38,1729.75,208.47,948.36,FRED H.10 (DEXKOUS·DEXUSEU·DEXCHUS·DEXJPUS) KRW cross
2025-12-12,1477.72,1733.51,209.46,948.41,FRED H.10 (DEXKOUS·DEXUSEU·DEXCHUS·DEXJPUS) KRW cross
2025-12-15,1468.62,1726.51,208.4,945.73,FRED H.10 (DEXKOUS·DEXUSEU·DEXCHUS·DEXJPUS) KRW cross
2025-12-16,1472.48,1733.11,209.11,951.21,FRED H.10 (DEXKOUS·DEXUSEU·DEXCHUS·DEXJPUS) KRW cross
2025-12-17,1475.05,1732.89,209.43,947.98,FRED H.10 (DEXKOUS·DEXUSEU·DEXCHUS·DEXJPUS) KRW cross
2025-12-18,1473.21,1727.93,209.25,947.22,FRED H.10 (DEXKOUS·DEXUSEU·DEXCHUS·DEXJPUS) KRW cross
2025-12-19,1477.26,1731.5,209.81,938.36,FRED H.10 (DEXKOUS·DEXUSEU·DEXCHUS·DEXJPUS) KRW cross
2025-12-22,1480.13,1739.15,210.34,943.18,FRED H.10 (DEXKOUS·DEXUSEU·DEXCHUS·DEXJPUS) KRW cross
2025-12-23,1481.45,1744.56,210.79,947.64,FRED H.10 (DEXKOUS·DEXUSEU·DEXCHUS·DEXJPUS) KRW cross
2025-12-24,1443.62,1700.58,205.81,926.41,FRED H.10 (DEXKOUS·DEXUSEU·DEXCHUS·DEXJPUS) KRW cross
2025-12-26,1441.16,1695.67,205.69,920.1,FRED H.10 (DEXKOUS·DEXUSEU·DEXCHUS·DEXJPUS) KRW cross
2025-12-29,1433.88,1685.67,204.68,918.57,FRED H.10 (DEXKOUS·DEXUSEU·DEXCHUS·DEXJPUS) KRW cross
2025-12-30,1439.42,1693.48,205.75,921.17,FRED H.10 (DEXKOUS·DEXUSEU·DEXCHUS·DEXJPUS) KRW cross
2025-12-31,1444.55,1695.32,206.57,921.27,FRED H.10 (DEXKOUS·DEXUSEU·DEXCHUS·DEXJPUS) KRW cross
2026-01-02,1444.45,1695.5,206.71,921.68,FRED H.10 (DEXKOUS·DEXUSEU·DEXCHUS·DEXJPUS) KRW cross
2026-01-05,1444.88,1692.68,206.77,924.31,FRED H.10 (DEXKOUS·DEXUSEU·DEXCHUS·DEXJPUS) KRW cross
2026-01-06,1446.93,1691.32,207.2,923.38,FRED H.10 (DEXKOUS·DEXUSEU·DEXCHUS·DEXJPUS) KRW cross
2026-01-07,1447.45,1692.07,206.88,923.53,FRED H.10 (DEXKOUS·DEXUSEU·DEXCHUS·DEXJPUS) KRW cross
2026-01-08,1452.15,1692.48,207.94,925.53,FRED H.10 (DEXKOUS·DEXUSEU·DEXCHUS·DEXJPUS) KRW cross
2026-01-09,1458.61,1696.95,209.05,922.76,FRED H.10 (DEXKOUS·DEXUSEU·DEXCHUS·DEXJPUS) KRW cross
2026-01-12,1467.08,1712.38,210.39,927.65,FRED H.10 (DEXKOUS·DEXUSEU·DEXCHUS·DEXJPUS) KRW cross
2026-01-13,1475.78,1718.69,211.51,927.81,FRED H.10 (DEXKOUS·DEXUSEU·DEXCHUS·DEXJPUS) KRW cross
2026-01-14,1464.29,1706.63,209.99,926.0,FRED H.10 (DEXKOUS·DEXUSEU·DEXCHUS·DEXJPUS) KRW cross
2026-01-15,1469.39,1705.23,210.94,927.06,FRED H.10 (DEXKOUS·DEXUSEU·DEXCHUS·DEXJPUS) KRW cross
2026-01-16,1474.05,1709.75,211.54,932.82,FRED H.10 (DEXKOUS·DEXUSEU·DEXCHUS·DEXJPUS) KRW cross
2026-01-20,1478.33,1735.41,212.41,936.3,FRED H.10 (DEXKOUS·DEXUSEU·DEXCHUS·DEXJPUS) KRW cross
2026-01-21,1465.95,1715.89,210.51,926.88,FRED H.10 (DEXKOUS·DEXUSEU·DEXCHUS·DEXJPUS) KRW cross
2026-01-22,1464.34,1718.84,210.09,924.69,FRED H.10 (DEXKOUS·DEXUSEU·DEXCHUS·DEXJPUS) KRW cross
2026-01-23,1462.89,1721.97,210.09,928.41,FRED H.10 (DEXKOUS·DEXUSEU·DEXCHUS·DEXJPUS) KRW cross
2026-01-26,1441.49,1713.36,207.28,936.76,FRED H.10 (DEXKOUS·DEXUSEU·DEXCHUS·DEXJPUS) KRW cross
2026-01-27,1437.45,1722.07,206.69,939.33,FRED H.10 (DEXKOUS·DEXUSEU·DEXCHUS·DEXJPUS) KRW cross
2026-01-28,1436.06,1714.8,206.74,934.93,FRED H.10 (DEXKOUS·DEXUSEU·DEXCHUS·DEXJPUS) KRW cross
2026-01-29,1433.84,1712.44,206.37,937.89,FRED H.10 (DEXKOUS·DEXUSEU·DEXCHUS·DEXJPUS) KRW cross
2026-01-30,1444.51,1716.8,207.81,935.93,FRED H.10 (DEXKOUS·DEXUSEU·DEXCHUS·DEXJPUS) KRW cross
2026-02-02,1452.03,1714.41,209.04,933.78,FRED H.10 (DEXKOUS·DEXUSEU·DEXCHUS·DEXJPUS) KRW cross
2026-02-03,1447.7,1711.04,208.67,929.8,FRED H.10 (DEXKOUS·DEXUSEU·DEXCHUS·DEXJPUS) KRW cross
2026-02-04,1459.24,1722.34,210.22,931.77,FRED H.10 (DEXKOUS·DEXUSEU·DEXCHUS·DEXJPUS) KRW cross
2026-02-05,1463.13,1726.79,210.89,932.46,FRED H.10 (DEXKOUS·DEXUSEU·DEXCHUS·DEXJPUS) KRW cross
2026-02-06,1462.75,1727.8,210.81,931.09,FRED H.10 (DEXKOUS·DEXUSEU·DEXCHUS·DEXJPUS) KRW cross
2026-02-09,1458.12,1734.87,210.71,934.21,FRED H.10 (DEXKOUS·DEXUSEU·DEXCHUS·DEXJPUS) KRW cross
2026-02-10,1456.82,1733.32,210.81,944.27,FRED H.10 (DEXKOUS·DEXUSEU·DEXCHUS·DEXJPUS) KRW cross
2026-02-11,1446.96,1719.57,209.33,946.16,FRED H.10 (DEXKOUS·DEXUSEU·DEXCHUS·DEXJPUS) KRW cross
2026-02-12,1439.8,1709.04,208.64,943.27,FRED H.10 (DEXKOUS·DEXUSEU·DEXCHUS·DEXJPUS) KRW cross
2026-02-13,1442.9,1712.72,208.87,944.49,FRED H.10 (DEXKOUS·DEXUSEU·DEXCHUS·DEXJPUS) KRW cross
2026-02-17,1444.43,1708.91,209.24,940.57,FRED H.10 (DEXKOUS·DEXUSEU·DEXCHUS·DEXJPUS) KRW cross
2026-02-18,1445.15,1706.72,209.35,935.67,FRED H.10 (DEXKOUS·DEXUSEU·DEXCHUS·DEXJPUS) KRW cross
2026-02-19,1450.1,1705.61,210.07,935.79,FRED H.10 (DEXKOUS·DEXUSEU·DEXCHUS·DEXJPUS) KRW cross
2026-02-20,1445.97,1703.5,209.47,932.94,FRED H.10 (DEXKOUS·DEXUSEU·DEXCHUS·DEXJPUS) KRW cross
2026-02-23,1442.62,1702.87,208.98,934.94,FRED H.10 (DEXKOUS·DEXUSEU·DEXCHUS·DEXJPUS) KRW cross
2026-02-24,1440.45,1698.15,209.28,925.38,FRED H.10 (DEXKOUS·DEXUSEU·DEXCHUS·DEXJPUS) KRW cross
2026-02-25,1427.12,1684.57,207.76,913.06,FRED H.10 (DEXKOUS·DEXUSEU·DEXCHUS·DEXJPUS) KRW cross
2026-02-26,1433.32,1690.17,209.52,918.03,FRED H.10 (DEXKOUS·DEXUSEU·DEXCHUS·DEXJPUS) KRW cross
2026-02-27,1439.82,1702.16,209.95,922.67,FRED H.10 (DEXKOUS·DEXUSEU·DEXCHUS·DEXJPUS) KRW cross
2026-03-02,1439.8,1683.13,209.21,914.27,FRED H.10 (DEXKOUS·DEXUSEU·DEXCHUS·DEXJPUS) KRW cross
2026-03-03,1485.6,1723.89,215.32,942.1,FRED H.10 (DEXKOUS·DEXUSEU·DEXCHUS·DEXJPUS) KRW cross
2026-03-04,1462.7,1702.29,212.08,932.07,FRED H.10 (DEXKOUS·DEXUSEU·DEXCHUS·DEXJPUS) KRW cross
2026-03-05,1483.36,1718.47,215.25,941.34,FRED H.10 (DEXKOUS·DEXUSEU·DEXCHUS·DEXJPUS) KRW cross
2026-03-06,1482.98,1721.15,215.03,940.74,FRED H.10 (DEXKOUS·DEXUSEU·DEXCHUS·DEXJPUS) KRW cross
2026-03-09,1478.15,1713.47,214.02,935.06,FRED H.10 (DEXKOUS·DEXUSEU·DEXCHUS·DEXJPUS) KRW cross
2026-03-10,1465.29,1706.77,213.08,929.75,FRED H.10 (DEXKOUS·DEXUSEU·DEXCHUS·DEXJPUS) KRW cross
2026-03-11,1474.94,1705.92,214.83,928.63,FRED H.10 (DEXKOUS·DEXUSEU·DEXCHUS·DEXJPUS) KRW cross
2026-03-12,1491.81,1718.86,217.18,937.01,FRED H.10 (DEXKOUS·DEXUSEU·DEXCHUS·DEXJPUS) KRW cross
2026-03-13,1498.88,1715.32,217.35,939.5,FRED H.10 (DEXKOUS·DEXUSEU·DEXCHUS·DEXJPUS) KRW cross
2026-03-16,1493.01,1715.02,216.52,937.23,FRED H.10 (DEXKOUS·DEXUSEU·DEXCHUS·DEXJPUS) KRW cross
2026-03-17,1488.68,1715.7,216.18,936.1,FRED H.10 (DEXKOUS·DEXUSEU·DEXCHUS·DEXJPUS) KRW cross
2026-03-18,1500.19,1727.17,218.29,940.68,FRED H.10 (DEXKOUS·DEXUSEU·DEXCHUS·DEXJPUS) KRW cross
2026-03-19,1495.88,1722.51,216.8,945.62,FRED H.10 (DEXKOUS·DEXUSEU·DEXCHUS·DEXJPUS) KRW cross
2026-03-20,1504.15,1736.24,218.45,944.46,FRED H.10 (DEXKOUS·DEXUSEU·DEXCHUS·DEXJPUS) KRW cross
2026-03-23,1492.07,1728.86,216.85,940.18,FRED H.10 (DEXKOUS·DEXUSEU·DEXCHUS·DEXJPUS) KRW cross
2026-03-24,1496.95,1733.17,217.21,942.07,FRED H.10 (DEXKOUS·DEXUSEU·DEXCHUS·DEXJPUS) KRW cross
2026-03-25,1500.32,1735.87,217.4,942.41,FRED H.10 (DEXKOUS·DEXUSEU·DEXCHUS·DEXJPUS) KRW cross
2026-03-26,1504.57,1736.57,217.72,942.42,FRED H.10 (DEXKOUS·DEXUSEU·DEXCHUS·DEXJPUS) KRW cross
2026-03-27,1509.86,1739.36,218.45,942.72,FRED H.10 (DEXKOUS·DEXUSEU·DEXCHUS·DEXJPUS) KRW cross
2026-03-30,1518.7,1739.52,219.72,952.22,FRED H.10 (DEXKOUS·DEXUSEU·DEXCHUS·DEXJPUS) KRW cross
2026-03-31,1523.5,1754.77,220.86,957.69,FRED H.10 (DEXKOUS·DEXUSEU·DEXCHUS·DEXJPUS) KRW cross
2026-04-01,1511.31,1755.24,219.92,952.73,FRED H.10 (DEXKOUS·DEXUSEU·DEXCHUS·DEXJPUS) KRW cross
2026-04-02,1509.54,1742.91,219.23,947.37,FRED H.10 (DEXKOUS·DEXUSEU·DEXCHUS·DEXJPUS) KRW cross
2026-04-03,1510.17,1740.17,219.42,945.98,FRED H.10 (DEXKOUS·DEXUSEU·DEXCHUS·DEXJPUS) KRW cross
2026-04-06,1507.55,1740.47,219.19,943.93,FRED H.10 (DEXKOUS·DEXUSEU·DEXCHUS·DEXJPUS) KRW cross
2026-04-07,1501.86,1737.8,219.04,939.25,FRED H.10 (DEXKOUS·DEXUSEU·DEXCHUS·DEXJPUS) KRW cross
2026-04-08,1477.1,1726.14,216.31,932.57,FRED H.10 (DEXKOUS·DEXUSEU·DEXCHUS·DEXJPUS) KRW cross
2026-04-09,1472.92,1724.2,215.61,927.12,FRED H.10 (DEXKOUS·DEXUSEU·DEXCHUS·DEXJPUS) KRW cross
2026-04-10,1483.9,1739.58,217.33,931.98,FRED H.10 (DEXKOUS·DEXUSEU·DEXCHUS·DEXJPUS) KRW cross
2026-04-13,1486.94,1741.21,217.7,930.85,FRED H.10 (DEXKOUS·DEXUSEU·DEXCHUS·DEXJPUS) KRW cross
2026-04-14,1471.51,1735.06,215.9,926.0,FRED H.10 (DEXKOUS·DEXUSEU·DEXCHUS·DEXJPUS) KRW cross
2026-04-15,1474.41,1739.66,216.25,927.19,FRED H.10 (DEXKOUS·DEXUSEU·DEXCHUS·DEXJPUS) KRW cross
2026-04-16,1478.19,1741.75,216.72,929.27,FRED H.10 (DEXKOUS·DEXUSEU·DEXCHUS·DEXJPUS) KRW cross
2026-04-17,1461.66,1724.9,214.41,924.52,FRED H.10 (DEXKOUS·DEXUSEU·DEXCHUS·DEXJPUS) KRW cross
2026-04-20,1470.31,1732.76,215.68,926.7,FRED H.10 (DEXKOUS·DEXUSEU·DEXCHUS·DEXJPUS) KRW cross
2026-04-21,1478.52,1737.56,216.77,927.61,FRED H.10 (DEXKOUS·DEXUSEU·DEXCHUS·DEXJPUS) KRW cross
2026-04-22,1480.61,1734.39,216.86,928.34,FRED H.10 (DEXKOUS·DEXUSEU·DEXCHUS·DEXJPUS) KRW cross
2026-04-23,1479.19,1731.24,216.7,927.74,FRED H.10 (DEXKOUS·DEXUSEU·DEXCHUS·DEXJPUS) KRW cross
2026-04-24,1476.47,1730.13,215.99,926.56,FRED H.10 (DEXKOUS·DEXUSEU·DEXCHUS·DEXJPUS) KRW cross
2026-04-27,1473.4,1728.45,215.95,924.98,FRED H.10 (DEXKOUS·DEXUSEU·DEXCHUS·DEXJPUS) KRW cross
2026-04-28,1472.37,1724.88,215.34,922.94,FRED H.10 (DEXKOUS·DEXUSEU·DEXCHUS·DEXJPUS) KRW cross
2026-04-29,1487.69,1739.85,217.58,928.47,FRED H.10 (DEXKOUS·DEXUSEU·DEXCHUS·DEXJPUS) KRW cross
2026-04-30,1477.93,1733.46,216.47,943.4,FRED H.10 (DEXKOUS·DEXUSEU·DEXCHUS·DEXJPUS) KRW cross
2026-05-01,1477.22,1736.47,216.36,942.34,FRED H.10 (DEXKOUS·DEXUSEU·DEXCHUS·DEXJPUS) KRW cross
2026-05-04,1476.01,1726.64,216.11,938.88,FRED H.10 (DEXKOUS·DEXUSEU·DEXCHUS·DEXJPUS) KRW cross
2026-05-05,1478.41,1730.77,216.53,937.6,FRED H.10 (DEXKOUS·DEXUSEU·DEXCHUS·DEXJPUS) KRW cross
2026-05-06,1447.01,1700.67,212.45,924.96,FRED H.10 (DEXKOUS·DEXUSEU·DEXCHUS·DEXJPUS) KRW cross
2026-05-07,1453.85,1710.31,213.76,929.1,FRED H.10 (DEXKOUS·DEXUSEU·DEXCHUS·DEXJPUS) KRW cross
2026-05-08,1461.06,1720.11,214.85,932.75,FRED H.10 (DEXKOUS·DEXUSEU·DEXCHUS·DEXJPUS) KRW cross
2026-05-11,1469.91,1731.55,216.33,936.01,FRED H.10 (DEXKOUS·DEXUSEU·DEXCHUS·DEXJPUS) KRW cross
2026-05-12,1490.32,1748.59,219.42,944.97,FRED H.10 (DEXKOUS·DEXUSEU·DEXCHUS·DEXJPUS) KRW cross
2026-05-13,1490.11,1745.07,219.43,944.06,FRED H.10 (DEXKOUS·DEXUSEU·DEXCHUS·DEXJPUS) KRW cross
2026-05-14,1491.75,1742.07,219.86,943.67,FRED H.10 (DEXKOUS·DEXUSEU·DEXCHUS·DEXJPUS) KRW cross
2026-05-15,1499.61,1743.6,220.23,944.99,FRED H.10 (DEXKOUS·DEXUSEU·DEXCHUS·DEXJPUS) KRW cross
2026-05-18,1494.67,1741.14,219.8,941.05,FRED H.10 (DEXKOUS·DEXUSEU·DEXCHUS·DEXJPUS) KRW cross
2026-05-19,1508.49,1750.15,221.36,948.08,FRED H.10 (DEXKOUS·DEXUSEU·DEXCHUS·DEXJPUS) KRW cross
2026-05-20,1498.77,1741.57,220.39,943.57,FRED H.10 (DEXKOUS·DEXUSEU·DEXCHUS·DEXJPUS) KRW cross
2026-05-21,1508.47,1748.17,221.75,947.77,FRED H.10 (DEXKOUS·DEXUSEU·DEXCHUS·DEXJPUS) KRW cross
2026-05-22,1517.33,1760.56,223.32,953.1,FRED H.10 (DEXKOUS·DEXUSEU·DEXCHUS·DEXJPUS) KRW cross
2026-05-26,1506.75,1750.84,222.04,945.5,FRED H.10 (DEXKOUS·DEXUSEU·DEXCHUS·DEXJPUS) KRW cross
2026-05-27,1498.28,1742.65,221.02,939.54,FRED H.10 (DEXKOUS·DEXUSEU·DEXCHUS·DEXJPUS) KRW cross
2026-05-28,1495.94,1742.62,220.65,939.13,FRED H.10 (DEXKOUS·DEXUSEU·DEXCHUS·DEXJPUS) KRW cross
2026-05-29,1503.96,1756.47,222.28,944.52,FRED H.10 (DEXKOUS·DEXUSEU·DEXCHUS·DEXJPUS) KRW cross
2026-06-01,1511.71,1757.21,223.46,946.83,FRED H.10 (DEXKOUS·DEXUSEU·DEXCHUS·DEXJPUS) KRW cross
2026-06-02,1517.4,1766.56,224.39,949.21,FRED H.10 (DEXKOUS·DEXUSEU·DEXCHUS·DEXJPUS) KRW cross
2026-06-03,1518.03,1761.67,224.26,948.95,FRED H.10 (DEXKOUS·DEXUSEU·DEXCHUS·DEXJPUS) KRW cross
2026-06-04,1531.91,1781.46,226.16,957.62,FRED H.10 (DEXKOUS·DEXUSEU·DEXCHUS·DEXJPUS) KRW cross
2026-06-05,1555.96,1794.49,229.98,970.9,FRED H.10 (DEXKOUS·DEXUSEU·DEXCHUS·DEXJPUS) KRW cross
2026-06-08,1528.23,1764.34,225.3,954.43,FRED H.10 (DEXKOUS·DEXUSEU·DEXCHUS·DEXJPUS) KRW cross
2026-06-09,1529.94,1768.0,225.91,954.84,FRED H.10 (DEXKOUS·DEXUSEU·DEXCHUS·DEXJPUS) KRW cross
2026-06-10,1519.26,1754.75,224.26,946.76,FRED H.10 (DEXKOUS·DEXUSEU·DEXCHUS·DEXJPUS) KRW cross
2026-06-11,1530.97,1762.91,225.95,953.82,FRED H.10 (DEXKOUS·DEXUSEU·DEXCHUS·DEXJPUS) KRW cross
2026-06-12,1518.87,1757.79,224.6,947.87,FRED H.10 (DEXKOUS·DEXUSEU·DEXCHUS·DEXJPUS) KRW cross
2026-06-15,1514.87,1757.1,224.19,945.61,FRED H.10 (DEXKOUS·DEXUSEU·DEXCHUS·DEXJPUS) KRW cross
2026-06-16,1508.12,1751.68,223.22,940.28,FRED H.10 (DEXKOUS·DEXUSEU·DEXCHUS·DEXJPUS) KRW cross
2026-06-17,1514.24,1755.46,224.08,945.1,FRED H.10 (DEXKOUS·DEXUSEU·DEXCHUS·DEXJPUS) KRW cross
2026-06-18,1540.64,1767.11,227.62,954.73,FRED H.10 (DEXKOUS·DEXUSEU·DEXCHUS·DEXJPUS) KRW cross
2026-06-22,1537.86,1758.08,227.01,952.18,FRED H.10 (DEXKOUS·DEXUSEU·DEXCHUS·DEXJPUS) KRW cross
2026-06-23,1532.43,1744.37,225.69,948.58,FRED H.10 (DEXKOUS·DEXUSEU·DEXCHUS·DEXJPUS) KRW cross
2026-06-24,1542.53,1750.46,226.49,953.59,FRED H.10 (DEXKOUS·DEXUSEU·DEXCHUS·DEXJPUS) KRW cross
2026-06-25,1541.44,1754.93,226.76,953.45,FRED H.10 (DEXKOUS·DEXUSEU·DEXCHUS·DEXJPUS) KRW cross
2026-06-26,1533.44,1748.58,225.57,948.5,FRED H.10 (DEXKOUS·DEXUSEU·DEXCHUS·DEXJPUS) KRW cross
2026-06-29,1542.07,1761.81,226.99,952.31,FRED H.10 (DEXKOUS·DEXUSEU·DEXCHUS·DEXJPUS) KRW cross
2026-06-30,1548.78,1768.24,228.26,952.45,FRED H.10 (DEXKOUS·DEXUSEU·DEXCHUS·DEXJPUS) KRW cross
2026-07-01,1550.59,1765.19,228.22,954.74,FRED H.10 (DEXKOUS·DEXUSEU·DEXCHUS·DEXJPUS) KRW cross
2026-07-02,1538.05,1760.76,226.56,955.9,FRED H.10 (DEXKOUS·DEXUSEU·DEXCHUS·DEXJPUS) KRW cross
2026-07-06,1530.98,1749.3,225.28,943.42,FRED H.10 (DEXKOUS·DEXUSEU·DEXCHUS·DEXJPUS) KRW cross
2026-07-07,1514.43,1729.93,222.93,935.35,FRED H.10 (DEXKOUS·DEXUSEU·DEXCHUS·DEXJPUS) KRW cross
2026-07-08,1511.17,1722.13,222.15,928.98,FRED H.10 (DEXKOUS·DEXUSEU·DEXCHUS·DEXJPUS) KRW cross
2026-07-09,1508.76,1725.87,222.13,929.67,FRED H.10 (DEXKOUS·DEXUSEU·DEXCHUS·DEXJPUS) KRW cross
2026-07-10,1501.06,1716.91,221.51,930.54,FRED H.10 (DEXKOUS·DEXUSEU·DEXCHUS·DEXJPUS) KRW cross
2026-07-13,1492.63,1701.9,220.17,919.56,FRED H.10 (DEXKOUS·DEXUSEU·DEXCHUS·DEXJPUS) KRW cross
2026-07-14,1490.26,1703.07,220.13,919.12,FRED H.10 (DEXKOUS·DEXUSEU·DEXCHUS·DEXJPUS) KRW cross
2026-07-15,1488.39,1702.12,219.91,918.02,FRED H.10 (DEXKOUS·DEXUSEU·DEXCHUS·DEXJPUS) KRW cross
2026-07-16,1478.2,1692.1,218.26,910.11,FRED H.10 (DEXKOUS·DEXUSEU·DEXCHUS·DEXJPUS) KRW cross
2026-07-17,1489.44,1703.92,219.81,916.97,FRED H.10 (DEXKOUS·DEXUSEU·DEXCHUS·DEXJPUS) KRW cross
2026-07-20,1478.31,1686.9,218.47,909.23,FRED H.10 (DEXKOUS·DEXUSEU·DEXCHUS·DEXJPUS) KRW cross
2026-07-21,1479.77,1688.12,218.72,907.78,FRED H.10 (DEXKOUS·DEXUSEU·DEXCHUS·DEXJPUS) KRW cross
2026-07-22,1476.63,1685.43,218.03,905.46,FRED H.10 (DEXKOUS·DEXUSEU·DEXCHUS·DEXJPUS) KRW cross
2026-07-23,1474.88,1677.38,217.85,900.42,FRED H.10 (DEXKOUS·DEXUSEU·DEXCHUS·DEXJPUS) KRW cross
2026-07-24,1460.76,1663.08,215.71,892.29,FRED H.10 (DEXKOUS·DEXUSEU·DEXCHUS·DEXJPUS) KRW cross
2026-07-27,1467.54,1669.47,216.91,896.43,FRED H.10 (DEXKOUS·DEXUSEU·DEXCHUS·DEXJPUS) KRW cross
2026-07-28,1453.26,1656.86,214.63,888.03,FRED H.10 (DEXKOUS·DEXUSEU·DEXCHUS·DEXJPUS) KRW cross
2026-07-29,1446.32,1646.49,213.76,882.66,FRED H.10 (DEXKOUS·DEXUSEU·DEXCHUS·DEXJPUS) KRW cross
2026-07-30,1424.05,1640.79,210.81,892.99,FRED H.10 (DEXKOUS·DEXUSEU·DEXCHUS·DEXJPUS) KRW cross
2026-07-31,1436.81,1655.06,212.83,902.75,FRED H.10 (DEXKOUS·DEXUSEU·DEXCHUS·DEXJPUS) KRW cross
2026-08-03,1430.49,1646.35,211.73,911.37,FRED H.10 (DEXKOUS·DEXUSEU·DEXCHUS·DEXJPUS) KRW cross
2026-08-04,1427.48,1645.46,211.38,906.68,FRED H.10 (DEXKOUS·DEXUSEU·DEXCHUS·DEXJPUS) KRW cross
2026-08-05,1424.0,1644.29,211.02,903.38,FRED H.10 (DEXKOUS·DEXUSEU·DEXCHUS·DEXJPUS) KRW cross
2026-08-06,1423.61,1640.14,210.94,898.46,FRED H.10 (DEXKOUS·DEXUSEU·DEXCHUS·DEXJPUS) KRW cross
2026-08-07,1409.94,1629.75,208.96,894.97,FRED H.10 (DEXKOUS·DEXUSEU·DEXCHUS·DEXJPUS) KRW cross
2026-08-10,1417.54,1637.54,210.16,892.1,FRED H.10 (DEXKOUS·DEXUSEU·DEXCHUS·DEXJPUS) KRW cross
2026-08-11,1412.93,1630.95,209.48,887.24,FRED H.10 (DEXKOUS·DEXUSEU·DEXCHUS·DEXJPUS) KRW cross
2026-08-12,1416.3,1634.41,210.03,889.47,FRED H.10 (DEXKOUS·DEXUSEU·DEXCHUS·DEXJPUS) KRW cross
2026-08-13,1418.0,1635.1,210.3,889.87,FRED H.10 (DEXKOUS·DEXUSEU·DEXCHUS·DEXJPUS) KRW cross
2026-08-14,1414.29,1637.89,209.8,888.32,FRED H.10 (DEXKOUS·DEXUSEU·DEXCHUS·DEXJPUS) KRW cross
2026-08-17,1412.8,1637.58,209.62,886.66,FRED H.10 (DEXKOUS·DEXUSEU·DEXCHUS·DEXJPUS) KRW cross
2026-08-18,1411.6,1634.63,209.34,884.57,FRED H.10 (DEXKOUS·DEXUSEU·DEXCHUS·DEXJPUS) KRW cross
2026-08-19,1388.39,1619.42,206.31,876.23,FRED H.10 (DEXKOUS·DEXUSEU·DEXCHUS·DEXJPUS) KRW cross
2026-08-20,1393.35,1627.29,207.27,877.15,FRED H.10 (DEXKOUS·DEXUSEU·DEXCHUS·DEXJPUS) KRW cross
2026-08-21,1385.01,1618.25,206.07,871.57,FRED H.10 (DEXKOUS·DEXUSEU·DEXCHUS·DEXJPUS) KRW cross
2026-08-24,1383.15,1613.44,205.77,868.98,FRED H.10 (DEXKOUS·DEXUSEU·DEXCHUS·DEXJPUS) KRW cross
2026-08-25,1383.63,1615.11,205.89,869.06,FRED H.10 (DEXKOUS·DEXUSEU·DEXCHUS·DEXJPUS) KRW cross
2026-08-26,1386.17,1615.03,206.2,869.84,FRED H.10 (DEXKOUS·DEXUSEU·DEXCHUS·DEXJPUS) KRW cross
2026-08-27,1381.25,1609.71,205.55,867.29,FRED H.10 (DEXKOUS·DEXUSEU·DEXCHUS·DEXJPUS) KRW cross
2026-08-28,1379.41,1599.84,205.09,862.29,FRED H.10 (DEXKOUS·DEXUSEU·DEXCHUS·DEXJPUS) KRW cross
2026-08-31,1368.25,1589.5,203.62,856.55,FRED H.10 (DEXKOUS·DEXUSEU·DEXCHUS·DEXJPUS) KRW cross
2026-09-01,1371.76,1590.28,204.12,857.19,FRED H.10 (DEXKOUS·DEXUSEU·DEXCHUS·DEXJPUS) KRW cross
2026-09-02,1358.85,1575.18,202.24,855.75,FRED H.10 (DEXKOUS·DEXUSEU·DEXCHUS·DEXJPUS) KRW cross
2026-09-03,1356.89,1577.11,201.98,873.22,FRED H.10 (DEXKOUS·DEXUSEU·DEXCHUS·DEXJPUS) KRW cross
2026-09-04,1346.51,1564.38,200.65,862.54,FRED H.10 (DEXKOUS·DEXUSEU·DEXCHUS·DEXJPUS) KRW cross
2026-09-08,1341.22,1559.44,199.87,869.57,FRED H.10 (DEXKOUS·DEXUSEU·DEXCHUS·DEXJPUS) KRW cross
2026-09-09,1339.81,1557.8,199.8,872.84,FRED H.10 (DEXKOUS·DEXUSEU·DEXCHUS·DEXJPUS) KRW cross
2026-09-10,1345.63,1564.83,200.66,873.45,FRED H.10 (DEXKOUS·DEXUSEU·DEXCHUS·DEXJPUS) KRW cross
2026-09-11,1340.3,1555.28,199.81,871.97,FRED H.10 (DEXKOUS·DEXUSEU·DEXCHUS·DEXJPUS) KRW cross
2026-09-14,1346.6,1555.19,200.74,872.04,FRED H.10 (DEXKOUS·DEXUSEU·DEXCHUS·DEXJPUS) KRW cross
2026-09-15,1361.84,1571.84,202.92,877.98,FRED H.10 (DEXKOUS·DEXUSEU·DEXCHUS·DEXJPUS) KRW cross
2026-09-16,1367.65,1577.99,203.94,881.9,FRED H.10 (DEXKOUS·DEXUSEU·DEXCHUS·DEXJPUS) KRW cross
2026-09-17,1380.46,1584.63,205.81,885.76,FRED H.10 (DEXKOUS·DEXUSEU·DEXCHUS·DEXJPUS) KRW cross
2026-09-18,1387.97,1591.17,207.24,884.79,FRED H.10 (DEXKOUS·DEXUSEU·DEXCHUS·DEXJPUS) KRW cross
2026-09-21,1374.81,1576.77,205.36,873.12,FRED H.10 (DEXKOUS·DEXUSEU·DEXCHUS·DEXJPUS) KRW cross
2026-09-22,1359.06,1553.68,202.86,862.62,FRED H.10 (DEXKOUS·DEXUSEU·DEXCHUS·DEXJPUS) KRW cross
2026-09-23,1366.99,1557.55,203.69,863.54,FRED H.10 (DEXKOUS·DEXUSEU·DEXCHUS·DEXJPUS) KRW cross
2026-09-24,1369.44,1557.46,204.0,861.72,FRED H.10 (DEXKOUS·DEXUSEU·DEXCHUS·DEXJPUS) KRW cross
2026-09-25,1356.51,1546.42,202.13,863.03,FRED H.10 (DEXKOUS·DEXUSEU·DEXCHUS·DEXJPUS) KRW cross
